source_subject,target_subject,proxy_a_distance,coral_distance,proxy_rank,coral_rank,selection_score,probe_selected_count,probe_selected_fraction_of_cap,probe_candidate_coverage,probe_pseudo_balance,probe_agreement,probe_trial_coherence,probe_mean_selected_conf,probe_transferability_score,selection_stage,selected_source
s20,s01,2.0,5.451358671219005,3.0,3.0,6.0,60.0,1.0,0.19137931034482758,1.0,1.0,0.6810344827586207,0.938812643679665,0.7714233908046729,stage2_probe,s20
s28,s01,2.0,5.760416028135561,3.0,4.0,7.0,60.0,1.0,0.12586206896551724,1.0,1.0,0.6629310344827586,0.905916905807461,0.7530544659800282,stage2_probe,s20
s18,s01,2.0,5.1787731681440645,3.0,1.0,4.0,60.0,1.0,0.10431034482758621,1.0,1.0,0.6948275862068966,0.8530062883828146,0.7524779006260373,stage2_probe,s20
s29,s01,2.0,5.887353334008204,3.0,5.0,8.0,60.0,1.0,0.08793103448275862,1.0,1.0,0.6637931034482759,0.8718801441117495,0.7439388347917945,stage2_probe,s20
s17,s01,1.9666666666666668,5.332100226610577,1.0,2.0,3.0,6.0,0.1,0.006896551724137931,0.5,1.0,0.625,0.8025491289503974,0.48150676679234744,stage2_probe,s20
s10,s01,2.0,6.198178550614722,3.0,6.0,9.0,,,,,,,,,stage1_pruned,s20
s22,s01,1.9833333333333334,6.390006963546676,2.0,8.0,10.0,,,,,,,,,stage1_pruned,s20
s04,s01,2.0,6.292346256945492,3.0,7.0,10.0,,,,,,,,,stage1_pruned,s20
s06,s01,1.9666666666666668,6.5493697566695985,1.0,11.0,12.0,,,,,,,,,stage1_pruned,s20
s19,s01,2.0,6.409030816294459,3.0,9.0,12.0,,,,,,,,,stage1_pruned,s20
s26,s01,2.0,6.544008815968598,3.0,10.0,13.0,,,,,,,,,stage1_pruned,s20
s09,s01,2.0,6.645959919157378,3.0,12.0,15.0,,,,,,,,,stage1_pruned,s20
s08,s01,2.0,6.707884451430087,3.0,13.0,16.0,,,,,,,,,stage1_pruned,s20
s15,s01,2.0,6.832874766790771,3.0,14.0,17.0,,,,,,,,,stage1_pruned,s20
s03,s01,2.0,6.893219764142219,3.0,15.0,18.0,,,,,,,,,stage1_pruned,s20
s23,s01,2.0,7.127018212994982,3.0,16.0,19.0,,,,,,,,,stage1_pruned,s20
s13,s01,1.9833333333333334,7.408093084691844,2.0,18.0,20.0,,,,,,,,,stage1_pruned,s20
s32,s01,2.0,7.381111391537326,3.0,17.0,20.0,,,,,,,,,stage1_pruned,s20
s02,s01,2.0,7.447127870213698,3.0,19.0,22.0,,,,,,,,,stage1_pruned,s20
s27,s01,2.0,7.461665396862335,3.0,20.0,23.0,,,,,,,,,stage1_pruned,s20
s05,s01,1.9666666666666668,8.166192703108836,1.0,23.0,24.0,,,,,,,,,stage1_pruned,s20
s16,s01,2.0,7.578440748628496,3.0,21.0,24.0,,,,,,,,,stage1_pruned,s20
s30,s01,2.0,7.6189762692108545,3.0,22.0,25.0,,,,,,,,,stage1_pruned,s20
s07,s01,2.0,8.323172171926585,3.0,24.0,27.0,,,,,,,,,stage1_pruned,s20
s21,s01,1.9833333333333334,8.797296756409068,2.0,26.0,28.0,,,,,,,,,stage1_pruned,s20
s25,s01,2.0,8.331363850086651,3.0,25.0,28.0,,,,,,,,,stage1_pruned,s20
s11,s01,2.0,8.845153905358693,3.0,27.0,30.0,,,,,,,,,stage1_pruned,s20
s31,s01,2.0,8.991393132212995,3.0,28.0,31.0,,,,,,,,,stage1_pruned,s20
s24,s01,2.0,9.327048287485244,3.0,29.0,32.0,,,,,,,,,stage1_pruned,s20
s12,s01,2.0,9.850012247415146,3.0,30.0,33.0,,,,,,,,,stage1_pruned,s20
s14,s01,2.0,11.286707017650388,3.0,31.0,34.0,,,,,,,,,stage1_pruned,s20
s15,s02,2.0,6.683523217501151,3.0,5.0,8.0,60.0,1.0,0.13793103448275862,1.0,1.0,0.6344827586206897,0.8664388462852272,0.7478047009349511,stage2_probe,s15
s10,s02,2.0,6.6322523049568165,3.0,4.0,7.0,8.0,0.13333333333333333,0.8206896551724138,0.0,1.0,1.0,0.9836213324426861,0.633318997656617,stage2_probe,s15
s18,s02,1.9833333333333334,5.170058850526579,2.0,1.0,3.0,6.0,0.1,0.03189655172413793,0.5,1.0,0.7189655172413792,0.8416677412621117,0.507255800856209,stage2_probe,s15
s08,s02,2.0,5.778633475893797,3.0,3.0,6.0,8.0,0.13333333333333333,0.010344827586206896,0.0,1.0,0.6474137931034483,0.8154555796209056,0.3923245031189764,stage2_probe,s15
s17,s02,1.9833333333333334,5.392925269803068,2.0,2.0,4.0,2.0,0.03333333333333333,0.0017241379310344827,0.0,1.0,0.6379310344827586,0.7606082672026269,0.37096144784289,stage2_probe,s15
s16,s02,1.9833333333333334,7.05794186079659,2.0,7.0,9.0,,,,,,,,,stage1_pruned,s15
s09,s02,2.0,7.015499774856162,3.0,6.0,9.0,,,,,,,,,stage1_pruned,s15
s29,s02,2.0,7.243507977854367,3.0,8.0,11.0,,,,,,,,,stage1_pruned,s15
s04,s02,2.0,7.318628279365658,3.0,9.0,12.0,,,,,,,,,stage1_pruned,s15
s20,s02,1.9666666666666668,7.524345269706621,1.0,12.0,13.0,,,,,,,,,stage1_pruned,s15
s26,s02,1.9833333333333334,7.412102065315666,2.0,11.0,13.0,,,,,,,,,stage1_pruned,s15
s03,s02,2.0,7.374058308689821,3.0,10.0,13.0,,,,,,,,,stage1_pruned,s15
s19,s02,2.0,7.5693833749505535,3.0,13.0,16.0,,,,,,,,,stage1_pruned,s15
s06,s02,2.0,7.669433097713472,3.0,14.0,17.0,,,,,,,,,stage1_pruned,s15
s01,s02,2.0,7.728714177171285,3.0,15.0,18.0,,,,,,,,,stage1_pruned,s15
s28,s02,2.0,7.752737988223749,3.0,16.0,19.0,,,,,,,,,stage1_pruned,s15
s07,s02,2.0,7.898101828409844,3.0,17.0,20.0,,,,,,,,,stage1_pruned,s15
s22,s02,2.0,7.977041653139119,3.0,18.0,21.0,,,,,,,,,stage1_pruned,s15
s31,s02,2.0,8.06638540297786,3.0,19.0,22.0,,,,,,,,,stage1_pruned,s15
s30,s02,2.0,8.296533696950663,3.0,20.0,23.0,,,,,,,,,stage1_pruned,s15
s13,s02,2.0,8.330585220599302,3.0,21.0,24.0,,,,,,,,,stage1_pruned,s15
s23,s02,2.0,8.412539099638968,3.0,22.0,25.0,,,,,,,,,stage1_pruned,s15
s27,s02,2.0,8.804387376072247,3.0,23.0,26.0,,,,,,,,,stage1_pruned,s15
s25,s02,2.0,9.015813623142911,3.0,24.0,27.0,,,,,,,,,stage1_pruned,s15
s12,s02,2.0,9.154495391436384,3.0,25.0,28.0,,,,,,,,,stage1_pruned,s15
s32,s02,2.0,9.233656360912168,3.0,26.0,29.0,,,,,,,,,stage1_pruned,s15
s11,s02,2.0,9.380628826074691,3.0,27.0,30.0,,,,,,,,,stage1_pruned,s15
s05,s02,2.0,9.596242885898278,3.0,28.0,31.0,,,,,,,,,stage1_pruned,s15
s24,s02,2.0,9.707582614767034,3.0,29.0,32.0,,,,,,,,,stage1_pruned,s15
s14,s02,2.0,10.876068753874282,3.0,30.0,33.0,,,,,,,,,stage1_pruned,s15
s21,s02,2.0,11.040852353471003,3.0,31.0,34.0,,,,,,,,,stage1_pruned,s15
s10,s03,2.0,5.985531796123073,2.0,2.0,4.0,60.0,1.0,0.743103448275862,1.0,1.0,0.9370689655172413,0.9540773231894619,0.9337383489180938,stage2_probe,s10
s15,s03,2.0,5.999531059176676,2.0,3.0,5.0,60.0,1.0,0.12844827586206897,1.0,1.0,0.664655172413793,0.8678563335571144,0.7520135063330281,stage2_probe,s10
s22,s03,1.9833333333333334,6.25624442465383,1.0,4.0,5.0,3.0,0.05,0.0353448275862069,0.5,1.0,0.6706896551724137,0.8688557853455898,0.49214968581900365,stage2_probe,s10
s17,s03,1.9833333333333334,6.360099020148273,1.0,6.0,7.0,8.0,0.13333333333333333,0.06896551724137931,0.0,1.0,0.725,0.9736544412956512,0.42747582551305846,stage2_probe,s10
s18,s03,2.0,5.408392673500518,2.0,1.0,3.0,2.0,0.03333333333333333,0.0017241379310344827,0.0,1.0,0.6706896551724137,0.7951840090799045,0.3792419590746849,stage2_probe,s10
s29,s03,2.0,6.305786233404035,2.0,5.0,7.0,,,,,,,,,stage1_pruned,s10
s20,s03,2.0,6.36025224194387,2.0,7.0,9.0,,,,,,,,,stage1_pruned,s10
s01,s03,2.0,6.644719030492908,2.0,8.0,10.0,,,,,,,,,stage1_pruned,s10
s08,s03,2.0,6.747921179616624,2.0,9.0,11.0,,,,,,,,,stage1_pruned,s10
s13,s03,2.0,6.862771414344495,2.0,10.0,12.0,,,,,,,,,stage1_pruned,s10
s26,s03,1.9833333333333334,7.103769910737596,1.0,12.0,13.0,,,,,,,,,stage1_pruned,s10
s23,s03,2.0,7.101135257282533,2.0,11.0,13.0,,,,,,,,,stage1_pruned,s10
s04,s03,2.0,7.1556046747133815,2.0,13.0,15.0,,,,,,,,,stage1_pruned,s10
s02,s03,2.0,7.471022947789514,2.0,14.0,16.0,,,,,,,,,stage1_pruned,s10
s30,s03,2.0,7.53096172146615,2.0,15.0,17.0,,,,,,,,,stage1_pruned,s10
s19,s03,2.0,7.5401799050025735,2.0,16.0,18.0,,,,,,,,,stage1_pruned,s10
s27,s03,2.0,7.590422192270445,2.0,17.0,19.0,,,,,,,,,stage1_pruned,s10
s32,s03,2.0,7.759167348978718,2.0,18.0,20.0,,,,,,,,,stage1_pruned,s10
s05,s03,2.0,7.8932662472879045,2.0,19.0,21.0,,,,,,,,,stage1_pruned,s10
s06,s03,2.0,7.972285211279425,2.0,20.0,22.0,,,,,,,,,stage1_pruned,s10
s28,s03,2.0,8.034200528147387,2.0,21.0,23.0,,,,,,,,,stage1_pruned,s10
s16,s03,1.9833333333333334,8.443537178804881,1.0,23.0,24.0,,,,,,,,,stage1_pruned,s10
s09,s03,2.0,8.046210692730721,2.0,22.0,24.0,,,,,,,,,stage1_pruned,s10
s11,s03,2.0,8.53218733166955,2.0,24.0,26.0,,,,,,,,,stage1_pruned,s10
s25,s03,2.0,8.598865417338995,2.0,25.0,27.0,,,,,,,,,stage1_pruned,s10
s21,s03,2.0,9.54006605402167,2.0,26.0,28.0,,,,,,,,,stage1_pruned,s10
s07,s03,2.0,9.541611706931468,2.0,27.0,29.0,,,,,,,,,stage1_pruned,s10
s31,s03,2.0,9.720845821201644,2.0,28.0,30.0,,,,,,,,,stage1_pruned,s10
s12,s03,2.0,9.924000267595742,2.0,29.0,31.0,,,,,,,,,stage1_pruned,s10
s24,s03,2.0,10.04581249530153,2.0,30.0,32.0,,,,,,,,,stage1_pruned,s10
s14,s03,2.0,11.959905885716802,2.0,31.0,33.0,,,,,,,,,stage1_pruned,s10
s22,s04,1.9833333333333334,5.995407963141509,2.0,2.0,4.0,60.0,1.0,0.4836206896551724,1.0,1.0,0.8344827586206897,0.9653807773787003,0.8618897285241074,stage2_probe,s22
s11,s04,1.9833333333333334,6.260617893075511,2.0,6.0,8.0,60.0,1.0,0.24482758620689654,1.0,1.0,0.8198275862068967,0.9661807030925718,0.8112400696373872,stage2_probe,s22
s01,s04,2.0,6.070350863470032,3.0,3.0,6.0,60.0,1.0,0.21293103448275863,1.0,1.0,0.721551724137931,0.9689845015716266,0.7853457768027192,stage2_probe,s22
s10,s04,2.0,5.370438686246224,3.0,1.0,4.0,6.0,0.1,0.7603448275862069,0.5,1.0,0.9956896551724139,0.9996001868155692,0.7161869058925027,stage2_probe,s22
s19,s04,1.9666666666666668,6.076983347373184,1.0,4.0,5.0,55.0,0.9166666666666666,0.09224137931034483,0.8333333333333334,1.0,0.7232758620689654,0.8792288290628334,0.7112315563956704,stage2_probe,s22
s23,s04,2.0,6.193702697275403,3.0,5.0,8.0,,,,,,,,,stage1_pruned,s22
s26,s04,2.0,6.304607303523134,3.0,7.0,10.0,,,,,,,,,stage1_pruned,s22
s18,s04,2.0,6.385712412841817,3.0,8.0,11.0,,,,,,,,,stage1_pruned,s22
s15,s04,2.0,6.545350037574441,3.0,9.0,12.0,,,,,,,,,stage1_pruned,s22
s20,s04,2.0,6.558834741129143,3.0,10.0,13.0,,,,,,,,,stage1_pruned,s22
s17,s04,2.0,6.622528538889867,3.0,11.0,14.0,,,,,,,,,stage1_pruned,s22
s08,s04,1.9833333333333334,6.871578321797348,2.0,13.0,15.0,,,,,,,,,stage1_pruned,s22
s03,s04,2.0,6.74652047326821,3.0,12.0,15.0,,,,,,,,,stage1_pruned,s22
s29,s04,2.0,6.885512589284942,3.0,14.0,17.0,,,,,,,,,stage1_pruned,s22
s28,s04,2.0,7.257673076402442,3.0,15.0,18.0,,,,,,,,,stage1_pruned,s22
s30,s04,2.0,7.427031943009427,3.0,16.0,19.0,,,,,,,,,stage1_pruned,s22
s02,s04,2.0,7.42859537500729,3.0,17.0,20.0,,,,,,,,,stage1_pruned,s22
s09,s04,2.0,7.442564306553589,3.0,18.0,21.0,,,,,,,,,stage1_pruned,s22
s32,s04,2.0,7.457044452633011,3.0,19.0,22.0,,,,,,,,,stage1_pruned,s22
s16,s04,2.0,7.611239249717119,3.0,20.0,23.0,,,,,,,,,stage1_pruned,s22
s13,s04,2.0,7.617372210552249,3.0,21.0,24.0,,,,,,,,,stage1_pruned,s22
s27,s04,2.0,7.752045239624404,3.0,22.0,25.0,,,,,,,,,stage1_pruned,s22
s25,s04,2.0,7.830622904502294,3.0,23.0,26.0,,,,,,,,,stage1_pruned,s22
s06,s04,2.0,7.962422457106958,3.0,24.0,27.0,,,,,,,,,stage1_pruned,s22
s05,s04,1.9833333333333334,8.132856177474588,2.0,26.0,28.0,,,,,,,,,stage1_pruned,s22
s07,s04,2.0,8.017886040793613,3.0,25.0,28.0,,,,,,,,,stage1_pruned,s22
s21,s04,2.0,8.943054364037396,3.0,27.0,30.0,,,,,,,,,stage1_pruned,s22
s31,s04,2.0,9.241569738407158,3.0,28.0,31.0,,,,,,,,,stage1_pruned,s22
s12,s04,2.0,9.56206329463986,3.0,29.0,32.0,,,,,,,,,stage1_pruned,s22
s24,s04,2.0,9.566319435037839,3.0,30.0,33.0,,,,,,,,,stage1_pruned,s22
s14,s04,2.0,11.207946279942862,3.0,31.0,34.0,,,,,,,,,stage1_pruned,s22
s26,s05,2.0,6.1916036541385555,4.0,4.0,8.0,60.0,1.0,0.8931034482758621,1.0,1.0,0.925,0.9962673014842255,0.9634340547293837,stage2_probe,s26
s23,s05,1.9500000000000002,6.891433412618959,1.0,6.0,7.0,60.0,1.0,0.7379310344827587,1.0,1.0,0.8818965517241377,0.9862023895504528,0.9232756367189019,stage2_probe,s26
s21,s05,2.0,6.045386605577498,4.0,3.0,7.0,60.0,1.0,0.4939655172413793,1.0,1.0,0.7879310344827586,0.9995144014529259,0.8563550304174739,stage2_probe,s26
s27,s05,2.0,5.985433014766241,4.0,2.0,6.0,60.0,1.0,0.38017241379310346,1.0,1.0,0.8405172413793103,0.9890882408839163,0.8435923430786787,stage2_probe,s26
s22,s05,1.9833333333333334,5.860693341688311,3.0,1.0,4.0,39.0,0.65,0.03362068965517241,0.625,1.0,0.6577586206896552,0.863650514417811,0.6039583877898561,stage2_probe,s26
s10,s05,2.0,6.886145508490679,4.0,5.0,9.0,,,,,,,,,stage1_pruned,s26
s11,s05,1.9833333333333334,7.335241212020423,3.0,7.0,10.0,,,,,,,,,stage1_pruned,s26
s32,s05,2.0,7.581982143539779,4.0,8.0,12.0,,,,,,,,,stage1_pruned,s26
s03,s05,2.0,7.611247162649862,4.0,9.0,13.0,,,,,,,,,stage1_pruned,s26
s29,s05,2.0,7.6558035519868675,4.0,10.0,14.0,,,,,,,,,stage1_pruned,s26
s18,s05,2.0,7.706941320103919,4.0,11.0,15.0,,,,,,,,,stage1_pruned,s26
s04,s05,2.0,7.791206856285276,4.0,12.0,16.0,,,,,,,,,stage1_pruned,s26
s15,s05,2.0,7.986671269984524,4.0,13.0,17.0,,,,,,,,,stage1_pruned,s26
s01,s05,2.0,8.121699273583229,4.0,14.0,18.0,,,,,,,,,stage1_pruned,s26
s08,s05,1.9833333333333334,8.170274214137713,3.0,16.0,19.0,,,,,,,,,stage1_pruned,s26
s30,s05,2.0,8.125941157511502,4.0,15.0,19.0,,,,,,,,,stage1_pruned,s26
s17,s05,2.0,8.357400030229453,4.0,17.0,21.0,,,,,,,,,stage1_pruned,s26
s20,s05,1.9833333333333334,8.532809524222024,3.0,19.0,22.0,,,,,,,,,stage1_pruned,s26
s19,s05,2.0,8.41222663578148,4.0,18.0,22.0,,,,,,,,,stage1_pruned,s26
s28,s05,1.9833333333333334,8.56474432086503,3.0,20.0,23.0,,,,,,,,,stage1_pruned,s26
s09,s05,1.9666666666666668,8.927662247671599,2.0,23.0,25.0,,,,,,,,,stage1_pruned,s26
s13,s05,2.0,8.85505083485177,4.0,21.0,25.0,,,,,,,,,stage1_pruned,s26
s16,s05,2.0,8.92120020735124,4.0,22.0,26.0,,,,,,,,,stage1_pruned,s26
s07,s05,1.9666666666666668,9.167097580006786,2.0,25.0,27.0,,,,,,,,,stage1_pruned,s26
s25,s05,2.0,8.95609538986422,4.0,24.0,28.0,,,,,,,,,stage1_pruned,s26
s02,s05,1.9833333333333334,9.282943147341342,3.0,26.0,29.0,,,,,,,,,stage1_pruned,s26
s06,s05,2.0,9.521164015866141,4.0,27.0,31.0,,,,,,,,,stage1_pruned,s26
s12,s05,2.0,10.204710589345872,4.0,28.0,32.0,,,,,,,,,stage1_pruned,s26
s24,s05,1.9833333333333334,10.69587907074313,3.0,30.0,33.0,,,,,,,,,stage1_pruned,s26
s31,s05,2.0,10.446154012456772,4.0,29.0,33.0,,,,,,,,,stage1_pruned,s26
s14,s05,2.0,11.171405800669891,4.0,31.0,35.0,,,,,,,,,stage1_pruned,s26
s28,s06,2.0,6.2066413917193755,2.0,4.0,6.0,60.0,1.0,0.2689655172413793,1.0,1.0,0.671551724137931,0.9137565882235551,0.7837912776870399,stage2_probe,s28
s18,s06,1.9833333333333334,5.72562782671442,1.0,3.0,4.0,60.0,1.0,0.19913793103448277,1.0,1.0,0.7362068965517241,0.8956853774702777,0.7818532343907554,stage2_probe,s28
s09,s06,2.0,5.686930775396251,2.0,2.0,4.0,60.0,1.0,0.1543103448275862,1.0,1.0,0.6931034482758619,0.8567829043194526,0.7623219038366623,stage2_probe,s28
s08,s06,2.0,6.3338000762855575,2.0,5.0,7.0,33.0,0.55,0.045689655172413794,0.5,1.0,0.6603448275862069,0.8560518951758879,0.5665094913105186,stage2_probe,s28
s17,s06,1.9833333333333334,4.969294176308164,1.0,1.0,2.0,12.0,0.2,0.04224137931034483,0.5,1.0,0.6689655172413793,0.8868050403564283,0.5165816313281663,stage2_probe,s28
s01,s06,2.0,6.640607208825427,2.0,6.0,8.0,,,,,,,,,stage1_pruned,s28
s16,s06,2.0,6.769621984834935,2.0,7.0,9.0,,,,,,,,,stage1_pruned,s28
s29,s06,2.0,6.987622044700645,2.0,8.0,10.0,,,,,,,,,stage1_pruned,s28
s19,s06,2.0,6.992967302428483,2.0,9.0,11.0,,,,,,,,,stage1_pruned,s28
s20,s06,2.0,7.105084891286118,2.0,10.0,12.0,,,,,,,,,stage1_pruned,s28
s10,s06,2.0,7.179464463452936,2.0,11.0,13.0,,,,,,,,,stage1_pruned,s28
s07,s06,2.0,7.334382413817855,2.0,12.0,14.0,,,,,,,,,stage1_pruned,s28
s31,s06,2.0,7.459347751314321,2.0,13.0,15.0,,,,,,,,,stage1_pruned,s28
s15,s06,2.0,7.483566401036005,2.0,14.0,16.0,,,,,,,,,stage1_pruned,s28
s22,s06,1.9833333333333334,7.793503436958883,1.0,16.0,17.0,,,,,,,,,stage1_pruned,s28
s02,s06,2.0,7.729994883533728,2.0,15.0,17.0,,,,,,,,,stage1_pruned,s28
s03,s06,2.0,7.8961214599961735,2.0,17.0,19.0,,,,,,,,,stage1_pruned,s28
s25,s06,2.0,8.009934697198226,2.0,18.0,20.0,,,,,,,,,stage1_pruned,s28
s23,s06,2.0,8.032323754544798,2.0,19.0,21.0,,,,,,,,,stage1_pruned,s28
s24,s06,2.0,8.038744341457406,2.0,20.0,22.0,,,,,,,,,stage1_pruned,s28
s04,s06,2.0,8.087727982774267,2.0,21.0,23.0,,,,,,,,,stage1_pruned,s28
s30,s06,2.0,8.184218994872237,2.0,22.0,24.0,,,,,,,,,stage1_pruned,s28
s27,s06,2.0,8.19712475110107,2.0,23.0,25.0,,,,,,,,,stage1_pruned,s28
s13,s06,2.0,8.419253835153475,2.0,24.0,26.0,,,,,,,,,stage1_pruned,s28
s12,s06,2.0,8.483240014604043,2.0,25.0,27.0,,,,,,,,,stage1_pruned,s28
s26,s06,2.0,8.543222441472194,2.0,26.0,28.0,,,,,,,,,stage1_pruned,s28
s32,s06,2.0,8.608800069408723,2.0,27.0,29.0,,,,,,,,,stage1_pruned,s28
s11,s06,2.0,9.627954851870205,2.0,28.0,30.0,,,,,,,,,stage1_pruned,s28
s05,s06,2.0,9.88822234315478,2.0,29.0,31.0,,,,,,,,,stage1_pruned,s28
s14,s06,2.0,10.260365666229161,2.0,30.0,32.0,,,,,,,,,stage1_pruned,s28
s21,s06,2.0,10.666170206300402,2.0,31.0,33.0,,,,,,,,,stage1_pruned,s28
s31,s07,2.0,6.724939448878686,2.0,5.0,7.0,60.0,1.0,0.21810344827586206,1.0,1.0,0.7974137931034482,0.9038170920521628,0.7982943028784701,stage2_probe,s31
s09,s07,2.0,5.648340435703108,2.0,2.0,4.0,60.0,1.0,0.20948275862068966,1.0,1.0,0.7353448275862069,0.9142264452510408,0.7846768395039313,stage2_probe,s31
s16,s07,2.0,6.681029789506367,2.0,4.0,6.0,60.0,1.0,0.10948275862068965,1.0,1.0,0.803448275862069,0.8657217071612997,0.7758722922546167,stage2_probe,s31
s17,s07,2.0,5.183477256363205,2.0,1.0,3.0,30.0,0.5,0.032758620689655175,0.5,1.0,0.6439655172413793,0.8226389666180718,0.5514767759171105,stage2_probe,s31
s08,s07,2.0,5.8626647671795675,2.0,3.0,5.0,15.0,0.25,0.01293103448275862,0.5,1.0,0.6879310344827586,0.804507042682905,0.5178977659272487,stage2_probe,s31
s28,s07,2.0,6.842565713847041,2.0,6.0,8.0,,,,,,,,,stage1_pruned,s31
s18,s07,2.0,7.183264633259251,2.0,7.0,9.0,,,,,,,,,stage1_pruned,s31
s06,s07,2.0,7.2807212919931885,2.0,8.0,10.0,,,,,,,,,stage1_pruned,s31
s15,s07,2.0,7.29553868771259,2.0,9.0,11.0,,,,,,,,,stage1_pruned,s31
s19,s07,1.9833333333333334,7.755117752666239,1.0,11.0,12.0,,,,,,,,,stage1_pruned,s31
s20,s07,2.0,7.704611706020772,2.0,10.0,12.0,,,,,,,,,stage1_pruned,s31
s10,s07,2.0,7.778890589206745,2.0,12.0,14.0,,,,,,,,,stage1_pruned,s31
s25,s07,2.0,7.881310985791579,2.0,13.0,15.0,,,,,,,,,stage1_pruned,s31
s02,s07,2.0,7.929494784829975,2.0,14.0,16.0,,,,,,,,,stage1_pruned,s31
s30,s07,1.9833333333333334,8.281747661931568,1.0,16.0,17.0,,,,,,,,,stage1_pruned,s31
s12,s07,2.0,8.034058272438838,2.0,15.0,17.0,,,,,,,,,stage1_pruned,s31
s04,s07,2.0,8.355459589523667,2.0,17.0,19.0,,,,,,,,,stage1_pruned,s31
s22,s07,2.0,8.40298638453705,2.0,18.0,20.0,,,,,,,,,stage1_pruned,s31
s29,s07,2.0,8.440309966542888,2.0,19.0,21.0,,,,,,,,,stage1_pruned,s31
s01,s07,1.9833333333333334,8.535860505428497,1.0,21.0,22.0,,,,,,,,,stage1_pruned,s31
s26,s07,2.0,8.517311308160663,2.0,20.0,22.0,,,,,,,,,stage1_pruned,s31
s24,s07,2.0,8.613433282020331,2.0,22.0,24.0,,,,,,,,,stage1_pruned,s31
s27,s07,2.0,8.642248410762354,2.0,23.0,25.0,,,,,,,,,stage1_pruned,s31
s23,s07,2.0,8.681858742306245,2.0,24.0,26.0,,,,,,,,,stage1_pruned,s31
s13,s07,2.0,9.114715187496955,2.0,25.0,27.0,,,,,,,,,stage1_pruned,s31
s05,s07,2.0,9.170758221278124,2.0,26.0,28.0,,,,,,,,,stage1_pruned,s31
s32,s07,2.0,9.304306987236911,2.0,27.0,29.0,,,,,,,,,stage1_pruned,s31
s14,s07,2.0,9.434683287584551,2.0,28.0,30.0,,,,,,,,,stage1_pruned,s31
s03,s07,2.0,9.591010766465201,2.0,29.0,31.0,,,,,,,,,stage1_pruned,s31
s11,s07,2.0,9.608538057349111,2.0,30.0,32.0,,,,,,,,,stage1_pruned,s31
s21,s07,2.0,11.64413691870334,2.0,31.0,33.0,,,,,,,,,stage1_pruned,s31
s12,s08,2.0,6.165220999884026,1.0,5.0,6.0,60.0,1.0,0.9172413793103448,1.0,1.0,0.8827586206896552,0.9999767883875834,0.9599988394193791,stage2_probe,s12
s16,s08,2.0,5.804087092856984,1.0,4.0,5.0,60.0,1.0,0.775,1.0,1.0,0.8629310344827585,0.989573739228323,0.9270648938579679,stage2_probe,s12
s07,s08,2.0,5.697656298289798,1.0,2.0,3.0,60.0,1.0,0.6224137931034482,1.0,1.0,0.7310344827586206,0.9994645915781056,0.870662884751319,stage2_probe,s12
s18,s08,2.0,5.6133374710141375,1.0,1.0,2.0,60.0,1.0,0.5129310344827587,1.0,1.0,0.7879310344827586,0.9808033032812341,0.8592125789571652,stage2_probe,s12
s17,s08,2.0,5.782462426519402,1.0,3.0,4.0,60.0,1.0,0.1879310344827586,1.0,1.0,0.6379310344827587,0.9843351488225645,0.7643891712342318,stage2_probe,s12
s06,s08,2.0,6.180826068872792,1.0,6.0,7.0,,,,,,,,,stage1_pruned,s12
s02,s08,2.0,6.241354374099733,1.0,7.0,8.0,,,,,,,,,stage1_pruned,s12
s15,s08,2.0,6.297701154675336,1.0,8.0,9.0,,,,,,,,,stage1_pruned,s12
s29,s08,2.0,6.31278746882004,1.0,9.0,10.0,,,,,,,,,stage1_pruned,s12
s10,s08,2.0,6.401944879818546,1.0,10.0,11.0,,,,,,,,,stage1_pruned,s12
s31,s08,2.0,6.498921433289369,1.0,11.0,12.0,,,,,,,,,stage1_pruned,s12
s09,s08,2.0,6.566815107445053,1.0,12.0,13.0,,,,,,,,,stage1_pruned,s12
s20,s08,2.0,6.716749480140701,1.0,13.0,14.0,,,,,,,,,stage1_pruned,s12
s01,s08,2.0,6.781457236028784,1.0,14.0,15.0,,,,,,,,,stage1_pruned,s12
s28,s08,2.0,6.818790929048106,1.0,15.0,16.0,,,,,,,,,stage1_pruned,s12
s26,s08,2.0,6.954687631908001,1.0,16.0,17.0,,,,,,,,,stage1_pruned,s12
s03,s08,2.0,7.029179479775005,1.0,17.0,18.0,,,,,,,,,stage1_pruned,s12
s04,s08,2.0,7.052010742476205,1.0,18.0,19.0,,,,,,,,,stage1_pruned,s12
s25,s08,2.0,7.099171516424159,1.0,19.0,20.0,,,,,,,,,stage1_pruned,s12
s24,s08,2.0,7.128927783320585,1.0,20.0,21.0,,,,,,,,,stage1_pruned,s12
s30,s08,2.0,7.16779987158476,1.0,21.0,22.0,,,,,,,,,stage1_pruned,s12
s19,s08,2.0,7.231826023270946,1.0,22.0,23.0,,,,,,,,,stage1_pruned,s12
s14,s08,2.0,7.319240191703735,1.0,23.0,24.0,,,,,,,,,stage1_pruned,s12
s13,s08,2.0,7.450940431604816,1.0,24.0,25.0,,,,,,,,,stage1_pruned,s12
s22,s08,2.0,7.5634648602126635,1.0,25.0,26.0,,,,,,,,,stage1_pruned,s12
s23,s08,2.0,7.676599667074332,1.0,26.0,27.0,,,,,,,,,stage1_pruned,s12
s27,s08,2.0,7.749539775506388,1.0,27.0,28.0,,,,,,,,,stage1_pruned,s12
s32,s08,2.0,7.8229518758296175,1.0,28.0,29.0,,,,,,,,,stage1_pruned,s12
s11,s08,2.0,7.850006051351875,1.0,29.0,30.0,,,,,,,,,stage1_pruned,s12
s21,s08,2.0,8.181827605209206,1.0,30.0,31.0,,,,,,,,,stage1_pruned,s12
s05,s08,2.0,8.293827752519391,1.0,31.0,32.0,,,,,,,,,stage1_pruned,s12
s07,s09,2.0,5.501987856947073,3.0,5.0,8.0,60.0,1.0,0.7896551724137931,1.0,1.0,0.8896551724137931,0.9957193783471927,0.9356480378828768,stage2_probe,s07
s18,s09,1.9833333333333334,5.391742846972443,2.0,4.0,6.0,60.0,1.0,0.5810344827586207,1.0,1.0,0.8913793103448278,0.966805797332137,0.8928230484872967,stage2_probe,s07
s16,s09,2.0,5.188868635093576,3.0,2.0,5.0,60.0,1.0,0.44051724137931036,1.0,1.0,0.875,0.9611392636925108,0.8611604114604876,stage2_probe,s07
s06,s09,2.0,5.308043501489782,3.0,3.0,6.0,60.0,1.0,0.29051724137931034,1.0,1.0,0.8508620689655171,0.9598740966076303,0.826269566899347,stage2_probe,s07
s17,s09,2.0,5.04043589607765,3.0,1.0,4.0,3.0,0.05,0.03793103448275862,0.5,1.0,0.6577586206896552,0.9853950945957978,0.4959076857642727,stage2_probe,s07
s28,s09,2.0,5.97020427405102,3.0,6.0,9.0,,,,,,,,,stage1_pruned,s07
s19,s09,2.0,6.105053707177031,3.0,7.0,10.0,,,,,,,,,stage1_pruned,s07
s08,s09,2.0,6.211751911065165,3.0,8.0,11.0,,,,,,,,,stage1_pruned,s07
s01,s09,1.9833333333333334,6.392417457393761,2.0,10.0,12.0,,,,,,,,,stage1_pruned,s07
s31,s09,2.0,6.36423107613943,3.0,9.0,12.0,,,,,,,,,stage1_pruned,s07
s15,s09,2.0,6.662845533381434,3.0,11.0,14.0,,,,,,,,,stage1_pruned,s07
s10,s09,2.0,6.734231152685269,3.0,12.0,15.0,,,,,,,,,stage1_pruned,s07
s29,s09,2.0,7.001580241849021,3.0,13.0,16.0,,,,,,,,,stage1_pruned,s07
s26,s09,1.9833333333333334,7.0990264437511765,2.0,15.0,17.0,,,,,,,,,stage1_pruned,s07
s30,s09,2.0,7.049982446547082,3.0,14.0,17.0,,,,,,,,,stage1_pruned,s07
s02,s09,2.0,7.251366496106734,3.0,16.0,19.0,,,,,,,,,stage1_pruned,s07
s20,s09,1.9833333333333334,7.350258504518614,2.0,18.0,20.0,,,,,,,,,stage1_pruned,s07
s25,s09,2.0,7.254213539317252,3.0,17.0,20.0,,,,,,,,,stage1_pruned,s07
s23,s09,1.9833333333333334,7.777930535559414,2.0,20.0,22.0,,,,,,,,,stage1_pruned,s07
s04,s09,2.0,7.5018392625273576,3.0,19.0,22.0,,,,,,,,,stage1_pruned,s07
s27,s09,2.0,7.912019440277702,3.0,21.0,24.0,,,,,,,,,stage1_pruned,s07
s13,s09,2.0,7.926556781080575,3.0,22.0,25.0,,,,,,,,,stage1_pruned,s07
s03,s09,1.9833333333333334,8.056975161260606,2.0,24.0,26.0,,,,,,,,,stage1_pruned,s07
s12,s09,2.0,8.016947481161235,3.0,23.0,26.0,,,,,,,,,stage1_pruned,s07
s22,s09,2.0,8.076208853449554,3.0,25.0,28.0,,,,,,,,,stage1_pruned,s07
s11,s09,1.9666666666666668,9.157074837809619,1.0,28.0,29.0,,,,,,,,,stage1_pruned,s07
s32,s09,2.0,8.109392965599756,3.0,26.0,29.0,,,,,,,,,stage1_pruned,s07
s24,s09,2.0,8.608293078063241,3.0,27.0,30.0,,,,,,,,,stage1_pruned,s07
s14,s09,2.0,9.605972992618431,3.0,29.0,32.0,,,,,,,,,stage1_pruned,s07
s05,s09,2.0,9.679848239286624,3.0,30.0,33.0,,,,,,,,,stage1_pruned,s07
s21,s09,2.0,10.081461684155784,3.0,31.0,34.0,,,,,,,,,stage1_pruned,s07
s03,s10,2.0,5.623006574628098,3.0,5.0,8.0,60.0,1.0,0.9948275862068966,1.0,1.0,0.9155172413793103,1.0,0.9820689655172415,stage2_probe,s03
s18,s10,1.9500000000000002,5.316942020659259,1.0,3.0,4.0,60.0,1.0,0.8405172413793104,1.0,1.0,0.8913793103448275,0.988956083711966,0.945827114530426,stage2_probe,s03
s04,s10,1.9833333333333334,5.089640725909653,2.0,1.0,3.0,60.0,1.0,0.7172413793103448,1.0,1.0,0.9103448275862067,0.9858929048818369,0.9248118866234023,stage2_probe,s03
s20,s10,2.0,5.607228645728013,3.0,4.0,7.0,60.0,1.0,0.44224137931034485,1.0,1.0,0.925,0.9609021138356142,0.8714933815538497,stage2_probe,s03
s22,s10,2.0,5.2652637894291665,3.0,2.0,5.0,60.0,1.0,0.2,1.0,1.0,0.6982758620689655,0.9692410308396101,0.7781172239557737,stage2_probe,s03
s15,s10,2.0,5.65255669943345,3.0,6.0,9.0,,,,,,,,,stage1_pruned,s03
s17,s10,2.0,5.813742146430337,3.0,7.0,10.0,,,,,,,,,stage1_pruned,s03
s01,s10,2.0,5.912173276706709,3.0,8.0,11.0,,,,,,,,,stage1_pruned,s03
s11,s10,2.0,6.304509831944254,3.0,9.0,12.0,,,,,,,,,stage1_pruned,s03
s23,s10,2.0,6.320639073471074,3.0,10.0,13.0,,,,,,,,,stage1_pruned,s03
s32,s10,2.0,6.346403030014543,3.0,11.0,14.0,,,,,,,,,stage1_pruned,s03
s02,s10,2.0,6.390501891728058,3.0,12.0,15.0,,,,,,,,,stage1_pruned,s03
s29,s10,2.0,6.4368552836289945,3.0,13.0,16.0,,,,,,,,,stage1_pruned,s03
s13,s10,2.0,6.557430308672549,3.0,14.0,17.0,,,,,,,,,stage1_pruned,s03
s08,s10,2.0,6.5862946193623575,3.0,15.0,18.0,,,,,,,,,stage1_pruned,s03
s19,s10,2.0,6.610303072679524,3.0,16.0,19.0,,,,,,,,,stage1_pruned,s03
s05,s10,2.0,6.611601993785906,3.0,17.0,20.0,,,,,,,,,stage1_pruned,s03
s09,s10,1.9833333333333334,6.698235146787721,2.0,19.0,21.0,,,,,,,,,stage1_pruned,s03
s26,s10,2.0,6.673014267400371,3.0,18.0,21.0,,,,,,,,,stage1_pruned,s03
s27,s10,2.0,6.96628083735471,3.0,20.0,23.0,,,,,,,,,stage1_pruned,s03
s30,s10,2.0,7.022628752587075,3.0,21.0,24.0,,,,,,,,,stage1_pruned,s03
s06,s10,2.0,7.18607924775976,3.0,22.0,25.0,,,,,,,,,stage1_pruned,s03
s16,s10,2.0,7.346252125652044,3.0,23.0,26.0,,,,,,,,,stage1_pruned,s03
s25,s10,2.0,7.427659410793274,3.0,24.0,27.0,,,,,,,,,stage1_pruned,s03
s28,s10,2.0,7.448651839666127,3.0,25.0,28.0,,,,,,,,,stage1_pruned,s03
s07,s10,2.0,7.4488407570249695,3.0,26.0,29.0,,,,,,,,,stage1_pruned,s03
s12,s10,1.9500000000000002,8.845940099417946,1.0,29.0,30.0,,,,,,,,,stage1_pruned,s03
s21,s10,2.0,7.730961676721552,3.0,27.0,30.0,,,,,,,,,stage1_pruned,s03
s31,s10,2.0,7.78764050085472,3.0,28.0,31.0,,,,,,,,,stage1_pruned,s03
s24,s10,2.0,9.510288612254273,3.0,30.0,33.0,,,,,,,,,stage1_pruned,s03
s14,s10,2.0,10.42465899641378,3.0,31.0,34.0,,,,,,,,,stage1_pruned,s03
s10,s11,2.0,6.1574939797106,1.0,2.0,3.0,60.0,1.0,0.7931034482758621,1.0,1.0,0.9370689655172413,0.985889660131072,0.9453289657651742,stage2_probe,s10
s22,s11,2.0,6.230453574378009,1.0,3.0,4.0,60.0,1.0,0.26120689655172413,1.0,1.0,0.7577586206896552,0.916007877434399,0.799593497319996,stage2_probe,s10
s05,s11,2.0,7.289618521606208,1.0,5.0,6.0,60.0,1.0,0.09741379310344828,1.0,1.0,0.7896551724137931,0.8613085532821386,0.7704792207675553,stage2_probe,s10
s04,s11,2.0,5.994313564342771,1.0,1.0,2.0,60.0,1.0,0.09310344827586207,1.0,1.0,0.7775862068965517,0.8422606884450189,0.7662509654567338,stage2_probe,s10
s23,s11,2.0,7.191813404918747,1.0,4.0,5.0,60.0,1.0,0.10431034482758621,1.0,1.0,0.6853448275862069,0.8300669026032603,0.7494343796129217,stage2_probe,s10
s26,s11,2.0,7.391970562283339,1.0,6.0,7.0,,,,,,,,,stage1_pruned,s10
s08,s11,2.0,7.563907258765807,1.0,7.0,8.0,,,,,,,,,stage1_pruned,s10
s15,s11,2.0,7.599984203764509,1.0,8.0,9.0,,,,,,,,,stage1_pruned,s10
s27,s11,2.0,7.9522076717455725,1.0,9.0,10.0,,,,,,,,,stage1_pruned,s10
s30,s11,2.0,8.242705501627983,1.0,10.0,11.0,,,,,,,,,stage1_pruned,s10
s19,s11,2.0,8.303417913995792,1.0,11.0,12.0,,,,,,,,,stage1_pruned,s10
s18,s11,2.0,8.419291682461008,1.0,12.0,13.0,,,,,,,,,stage1_pruned,s10
s17,s11,2.0,8.466199647457978,1.0,13.0,14.0,,,,,,,,,stage1_pruned,s10
s29,s11,2.0,8.566633892806331,1.0,14.0,15.0,,,,,,,,,stage1_pruned,s10
s03,s11,2.0,8.576751051959995,1.0,15.0,16.0,,,,,,,,,stage1_pruned,s10
s32,s11,2.0,8.65331277271787,1.0,16.0,17.0,,,,,,,,,stage1_pruned,s10
s21,s11,2.0,8.711820806055265,1.0,17.0,18.0,,,,,,,,,stage1_pruned,s10
s20,s11,2.0,8.744930624769966,1.0,18.0,19.0,,,,,,,,,stage1_pruned,s10
s01,s11,2.0,8.89677264547593,1.0,19.0,20.0,,,,,,,,,stage1_pruned,s10
s09,s11,2.0,8.937772137761067,1.0,20.0,21.0,,,,,,,,,stage1_pruned,s10
s28,s11,2.0,8.953661598017767,1.0,21.0,22.0,,,,,,,,,stage1_pruned,s10
s16,s11,2.0,9.026164111018785,1.0,22.0,23.0,,,,,,,,,stage1_pruned,s10
s25,s11,2.0,9.09746123897648,1.0,23.0,24.0,,,,,,,,,stage1_pruned,s10
s13,s11,2.0,9.110766856436907,1.0,24.0,25.0,,,,,,,,,stage1_pruned,s10
s02,s11,2.0,9.400016363263775,1.0,25.0,26.0,,,,,,,,,stage1_pruned,s10
s07,s11,2.0,9.58019760435496,1.0,26.0,27.0,,,,,,,,,stage1_pruned,s10
s31,s11,2.0,9.655890716113205,1.0,27.0,28.0,,,,,,,,,stage1_pruned,s10
s06,s11,2.0,9.763819950152364,1.0,28.0,29.0,,,,,,,,,stage1_pruned,s10
s12,s11,2.0,10.119623603077548,1.0,29.0,30.0,,,,,,,,,stage1_pruned,s10
s24,s11,2.0,10.649671150545489,1.0,30.0,31.0,,,,,,,,,stage1_pruned,s10
s14,s11,2.0,11.437924196759615,1.0,31.0,32.0,,,,,,,,,stage1_pruned,s10
s24,s12,2.0,7.624563837332095,3.0,5.0,8.0,60.0,1.0,0.453448275862069,1.0,1.0,0.7586206896551724,0.9758780833091291,0.8412076972689048,stage2_probe,s24
s14,s12,2.0,6.7213203918523545,3.0,3.0,6.0,60.0,1.0,0.4232758620689655,1.0,1.0,0.7112068965517242,0.9739485696278236,0.8255939802055292,stage2_probe,s24
s31,s12,1.9833333333333334,5.890578494358578,2.0,1.0,3.0,60.0,1.0,0.13189655172413794,1.0,1.0,0.6189655172413794,0.911776814107075,0.7457612544984572,stage2_probe,s24
s17,s12,1.9666666666666668,7.2521144703121925,1.0,4.0,5.0,60.0,1.0,0.06465517241379311,1.0,1.0,0.6172413793103448,0.8404995952660872,0.728404290108132,stage2_probe,s24
s08,s12,2.0,6.168433037170656,3.0,2.0,5.0,30.0,0.5,0.04827586206896552,0.5,1.0,0.6370689655172413,0.9041020794191996,0.5572740694882014,stage2_probe,s24
s07,s12,2.0,7.6398463011855275,3.0,6.0,9.0,,,,,,,,,stage1_pruned,s24
s09,s12,2.0,7.8058014270700635,3.0,7.0,10.0,,,,,,,,,stage1_pruned,s24
s16,s12,2.0,8.023854337797761,3.0,8.0,11.0,,,,,,,,,stage1_pruned,s24
s18,s12,2.0,8.345787060553553,3.0,9.0,12.0,,,,,,,,,stage1_pruned,s24
s28,s12,2.0,8.424900078401267,3.0,10.0,13.0,,,,,,,,,stage1_pruned,s24
s15,s12,2.0,8.433575830248977,3.0,11.0,14.0,,,,,,,,,stage1_pruned,s24
s06,s12,2.0,8.753526350673228,3.0,12.0,15.0,,,,,,,,,stage1_pruned,s24
s25,s12,1.9833333333333334,8.832984400539527,2.0,14.0,16.0,,,,,,,,,stage1_pruned,s24
s30,s12,2.0,8.83065259002246,3.0,13.0,16.0,,,,,,,,,stage1_pruned,s24
s19,s12,1.9833333333333334,9.13209723859816,2.0,15.0,17.0,,,,,,,,,stage1_pruned,s24
s10,s12,2.0,9.186939702583691,3.0,16.0,19.0,,,,,,,,,stage1_pruned,s24
s29,s12,2.0,9.254083414474144,3.0,17.0,20.0,,,,,,,,,stage1_pruned,s24
s20,s12,2.0,9.345037775711571,3.0,18.0,21.0,,,,,,,,,stage1_pruned,s24
s22,s12,2.0,9.431065899315547,3.0,19.0,22.0,,,,,,,,,stage1_pruned,s24
s26,s12,1.9833333333333334,9.6138854565754,2.0,21.0,23.0,,,,,,,,,stage1_pruned,s24
s04,s12,2.0,9.607075825347954,3.0,20.0,23.0,,,,,,,,,stage1_pruned,s24
s02,s12,2.0,9.645420850083175,3.0,22.0,25.0,,,,,,,,,stage1_pruned,s24
s23,s12,2.0,9.690941536912078,3.0,23.0,26.0,,,,,,,,,stage1_pruned,s24
s13,s12,2.0,9.80458072357343,3.0,24.0,27.0,,,,,,,,,stage1_pruned,s24
s32,s12,2.0,9.837910240802529,3.0,25.0,28.0,,,,,,,,,stage1_pruned,s24
s03,s12,2.0,9.972506589323586,3.0,26.0,29.0,,,,,,,,,stage1_pruned,s24
s27,s12,2.0,10.046876022456496,3.0,27.0,30.0,,,,,,,,,stage1_pruned,s24
s01,s12,2.0,10.102902661232966,3.0,28.0,31.0,,,,,,,,,stage1_pruned,s24
s05,s12,2.0,10.126577925233962,3.0,29.0,32.0,,,,,,,,,stage1_pruned,s24
s11,s12,2.0,10.147351868699444,3.0,30.0,33.0,,,,,,,,,stage1_pruned,s24
s21,s12,2.0,11.375749822559106,3.0,31.0,34.0,,,,,,,,,stage1_pruned,s24
s03,s13,2.0,7.028307680239999,4.0,5.0,9.0,60.0,1.0,0.65,1.0,1.0,0.8120689655172413,0.9877953565526242,0.8918035609310795,stage2_probe,s03
s18,s13,1.9666666666666668,6.230567542803684,2.0,1.0,3.0,60.0,1.0,0.07758620689655173,1.0,1.0,0.7362068965517241,0.8034850768809403,0.7529328745337023,stage2_probe,s03
s10,s13,2.0,6.448364332812959,4.0,2.0,6.0,3.0,0.05,0.8982758620689655,0.5,1.0,0.9991379310344828,0.9504947185603285,0.7345074945487061,stage2_probe,s03
s15,s13,2.0,6.799043790601941,4.0,4.0,8.0,29.0,0.48333333333333334,0.025,0.6111111111111112,1.0,0.7025862068965517,0.8020792498103225,0.5803434260920488,stage2_probe,s03
s22,s13,1.9833333333333334,6.51614776062136,3.0,3.0,6.0,18.0,0.3,0.03189655172413793,0.5,1.0,0.8827586206896552,0.8088573646714841,0.5683739027163329,stage2_probe,s03
s17,s13,2.0,7.046669439776075,4.0,6.0,10.0,,,,,,,,,stage1_pruned,s03
s20,s13,2.0,7.068856578366293,4.0,7.0,11.0,,,,,,,,,stage1_pruned,s03
s01,s13,1.9500000000000002,7.797925284636048,1.0,11.0,12.0,,,,,,,,,stage1_pruned,s03
s08,s13,2.0,7.34627312397844,4.0,8.0,12.0,,,,,,,,,stage1_pruned,s03
s28,s13,2.0,7.56161634103364,4.0,9.0,13.0,,,,,,,,,stage1_pruned,s03
s29,s13,2.0,7.5925928260665625,4.0,10.0,14.0,,,,,,,,,stage1_pruned,s03
s30,s13,2.0,7.8651153505413705,4.0,12.0,16.0,,,,,,,,,stage1_pruned,s03
s04,s13,2.0,7.899890381805589,4.0,13.0,17.0,,,,,,,,,stage1_pruned,s03
s09,s13,2.0,7.933272381032864,4.0,14.0,18.0,,,,,,,,,stage1_pruned,s03
s26,s13,2.0,8.121398552902875,4.0,15.0,19.0,,,,,,,,,stage1_pruned,s03
s19,s13,2.0,8.185611982314459,4.0,16.0,20.0,,,,,,,,,stage1_pruned,s03
s06,s13,2.0,8.217930415426158,4.0,17.0,21.0,,,,,,,,,stage1_pruned,s03
s16,s13,2.0,8.25170746870483,4.0,18.0,22.0,,,,,,,,,stage1_pruned,s03
s27,s13,2.0,8.315671769018941,4.0,19.0,23.0,,,,,,,,,stage1_pruned,s03
s02,s13,2.0,8.320729584013622,4.0,20.0,24.0,,,,,,,,,stage1_pruned,s03
s05,s13,2.0,8.48614724123858,4.0,21.0,25.0,,,,,,,,,stage1_pruned,s03
s23,s13,2.0,8.541758775716799,4.0,22.0,26.0,,,,,,,,,stage1_pruned,s03
s32,s13,2.0,8.555191265358431,4.0,23.0,27.0,,,,,,,,,stage1_pruned,s03
s25,s13,2.0,8.71100165151055,4.0,24.0,28.0,,,,,,,,,stage1_pruned,s03
s31,s13,2.0,8.963139508754635,4.0,25.0,29.0,,,,,,,,,stage1_pruned,s03
s11,s13,2.0,8.978249663482126,4.0,26.0,30.0,,,,,,,,,stage1_pruned,s03
s07,s13,2.0,9.012400180700405,4.0,27.0,31.0,,,,,,,,,stage1_pruned,s03
s12,s13,2.0,9.743881351406243,4.0,28.0,32.0,,,,,,,,,stage1_pruned,s03
s24,s13,2.0,10.058541926687399,4.0,29.0,33.0,,,,,,,,,stage1_pruned,s03
s21,s13,2.0,10.113774263711344,4.0,30.0,34.0,,,,,,,,,stage1_pruned,s03
s14,s13,2.0,11.628435009156252,4.0,31.0,35.0,,,,,,,,,stage1_pruned,s03
s12,s14,2.0,6.947837857465481,3.0,1.0,4.0,60.0,1.0,0.4870689655172414,1.0,1.0,0.6146551724137931,0.9796622142762673,0.8193279383000203,stage2_probe,s12
s07,s14,2.0,9.4493818190185,3.0,5.0,8.0,60.0,1.0,0.42586206896551726,1.0,1.0,0.6353448275862069,0.9530567756809823,0.809894218094394,stage2_probe,s12
s24,s14,1.9833333333333334,8.906105663728042,2.0,4.0,6.0,21.0,0.35,0.04482758620689655,0.5,1.0,0.5974137931034483,0.898994469888847,0.5258979993565114,stage2_probe,s12
s08,s14,2.0,7.298589131000373,3.0,2.0,5.0,3.0,0.05,0.022413793103448276,0.5,1.0,0.6094827586206897,0.8462762987445928,0.47619312528205726,stage2_probe,s12
s31,s14,2.0,8.606833563098608,3.0,3.0,6.0,8.0,0.13333333333333333,0.03103448275862069,0.0,1.0,0.736206896551724,0.9965857615707774,0.42327756394060784,stage2_probe,s12
s16,s14,2.0,9.478500605352634,3.0,6.0,9.0,,,,,,,,,stage1_pruned,s12
s17,s14,2.0,9.530172013758165,3.0,7.0,10.0,,,,,,,,,stage1_pruned,s12
s09,s14,2.0,9.85634405096932,3.0,8.0,11.0,,,,,,,,,stage1_pruned,s12
s15,s14,2.0,10.167355995334102,3.0,9.0,12.0,,,,,,,,,stage1_pruned,s12
s06,s14,2.0,10.201228821861283,3.0,10.0,13.0,,,,,,,,,stage1_pruned,s12
s28,s14,2.0,10.340585804470765,3.0,11.0,14.0,,,,,,,,,stage1_pruned,s12
s10,s14,2.0,10.363372986419733,3.0,12.0,15.0,,,,,,,,,stage1_pruned,s12
s18,s14,2.0,10.383551526344723,3.0,13.0,16.0,,,,,,,,,stage1_pruned,s12
s29,s14,2.0,10.49080591670341,3.0,14.0,17.0,,,,,,,,,stage1_pruned,s12
s30,s14,2.0,10.678610425005676,3.0,15.0,18.0,,,,,,,,,stage1_pruned,s12
s27,s14,1.9666666666666668,10.86542411730342,1.0,18.0,19.0,,,,,,,,,stage1_pruned,s12
s25,s14,2.0,10.74955525274158,3.0,16.0,19.0,,,,,,,,,stage1_pruned,s12
s02,s14,2.0,10.812786295959205,3.0,17.0,20.0,,,,,,,,,stage1_pruned,s12
s22,s14,2.0,10.979270964632008,3.0,19.0,22.0,,,,,,,,,stage1_pruned,s12
s04,s14,2.0,11.063923376440952,3.0,20.0,23.0,,,,,,,,,stage1_pruned,s12
s23,s14,2.0,11.095766067163956,3.0,21.0,24.0,,,,,,,,,stage1_pruned,s12
s05,s14,2.0,11.129697032064028,3.0,22.0,25.0,,,,,,,,,stage1_pruned,s12
s19,s14,2.0,11.156678396816094,3.0,23.0,26.0,,,,,,,,,stage1_pruned,s12
s20,s14,2.0,11.212176111974648,3.0,24.0,27.0,,,,,,,,,stage1_pruned,s12
s26,s14,2.0,11.246512772908172,3.0,25.0,28.0,,,,,,,,,stage1_pruned,s12
s01,s14,2.0,11.311719286855103,3.0,26.0,29.0,,,,,,,,,stage1_pruned,s12
s32,s14,2.0,11.44409018670072,3.0,27.0,30.0,,,,,,,,,stage1_pruned,s12
s13,s14,2.0,11.509940230652058,3.0,28.0,31.0,,,,,,,,,stage1_pruned,s12
s11,s14,2.0,11.607393752454952,3.0,29.0,32.0,,,,,,,,,stage1_pruned,s12
s03,s14,2.0,11.614145373565009,3.0,30.0,33.0,,,,,,,,,stage1_pruned,s12
s21,s14,2.0,12.724864367369847,3.0,31.0,34.0,,,,,,,,,stage1_pruned,s12
s03,s15,1.9833333333333334,5.8729700023676354,2.0,3.0,5.0,60.0,1.0,0.9956896551724138,1.0,1.0,0.8663793103448276,1.0,0.9724137931034483,stage2_probe,s03
s18,s15,2.0,5.223536634903256,3.0,1.0,4.0,60.0,1.0,0.9163793103448276,1.0,1.0,0.8577586206896551,0.9996301192129378,0.9548090921675434,stage2_probe,s03
s10,s15,2.0,5.732244914410765,3.0,2.0,5.0,60.0,1.0,0.8862068965517241,1.0,1.0,0.8594827586206897,0.9997148025767493,0.9491236711633202,stage2_probe,s03
s22,s15,2.0,5.991987962554492,3.0,5.0,8.0,60.0,1.0,0.2482758620689655,1.0,1.0,0.846551724137931,0.9426405588411992,0.8160975451834392,stage2_probe,s03
s17,s15,1.9833333333333334,5.907923119194028,2.0,4.0,6.0,60.0,1.0,0.23017241379310344,1.0,1.0,0.8025862068965516,0.9670043970664287,0.8049019439912525,stage2_probe,s03
s08,s15,1.9666666666666668,6.505802273820571,1.0,8.0,9.0,,,,,,,,,stage1_pruned,s03
s02,s15,1.9833333333333334,6.379874586696636,2.0,7.0,9.0,,,,,,,,,stage1_pruned,s03
s29,s15,2.0,6.126030345024793,3.0,6.0,9.0,,,,,,,,,stage1_pruned,s03
s01,s15,1.9666666666666668,6.600856154872208,1.0,10.0,11.0,,,,,,,,,stage1_pruned,s03
s13,s15,2.0,6.555216444483395,3.0,9.0,12.0,,,,,,,,,stage1_pruned,s03
s19,s15,1.9833333333333334,6.723493420658916,2.0,12.0,14.0,,,,,,,,,stage1_pruned,s03
s09,s15,2.0,6.70498251680125,3.0,11.0,14.0,,,,,,,,,stage1_pruned,s03
s04,s15,2.0,6.748808228169933,3.0,13.0,16.0,,,,,,,,,stage1_pruned,s03
s30,s15,2.0,6.7891078463623895,3.0,14.0,17.0,,,,,,,,,stage1_pruned,s03
s16,s15,2.0,6.826382283685062,3.0,15.0,18.0,,,,,,,,,stage1_pruned,s03
s28,s15,1.9833333333333334,7.133222678819741,2.0,17.0,19.0,,,,,,,,,stage1_pruned,s03
s20,s15,2.0,7.09241170991797,3.0,16.0,19.0,,,,,,,,,stage1_pruned,s03
s23,s15,2.0,7.148604496921839,3.0,18.0,21.0,,,,,,,,,stage1_pruned,s03
s26,s15,2.0,7.19917595224601,3.0,19.0,22.0,,,,,,,,,stage1_pruned,s03
s07,s15,1.9833333333333334,7.3867859496576695,2.0,21.0,23.0,,,,,,,,,stage1_pruned,s03
s25,s15,2.0,7.275513853720351,3.0,20.0,23.0,,,,,,,,,stage1_pruned,s03
s27,s15,1.9833333333333334,7.389244830357389,2.0,22.0,24.0,,,,,,,,,stage1_pruned,s03
s11,s15,1.9833333333333334,7.59033795940249,2.0,24.0,26.0,,,,,,,,,stage1_pruned,s03
s32,s15,2.0,7.477318723647571,3.0,23.0,26.0,,,,,,,,,stage1_pruned,s03
s06,s15,1.9833333333333334,7.590729407937393,2.0,25.0,27.0,,,,,,,,,stage1_pruned,s03
s05,s15,1.9833333333333334,8.169574334297103,2.0,27.0,29.0,,,,,,,,,stage1_pruned,s03
s31,s15,2.0,8.01062468843912,3.0,26.0,29.0,,,,,,,,,stage1_pruned,s03
s12,s15,2.0,8.475306667031248,3.0,28.0,31.0,,,,,,,,,stage1_pruned,s03
s24,s15,2.0,8.570063108217933,3.0,29.0,32.0,,,,,,,,,stage1_pruned,s03
s21,s15,2.0,8.578951843485836,3.0,30.0,33.0,,,,,,,,,stage1_pruned,s03
s14,s15,2.0,10.377070140162877,3.0,31.0,34.0,,,,,,,,,stage1_pruned,s03
s09,s16,2.0,5.347961621960777,3.0,2.0,5.0,60.0,1.0,0.8103448275862069,1.0,1.0,0.9068965517241379,0.9924203003202581,0.9430692908780819,stage2_probe,s09
s18,s16,1.9666666666666668,5.587571053911222,1.0,3.0,4.0,60.0,1.0,0.3482758620689655,1.0,1.0,0.7508620689655172,0.9483032809694302,0.8172427502553681,stage2_probe,s09
s29,s16,1.9833333333333334,6.585869652886304,2.0,6.0,8.0,60.0,1.0,0.1543103448275862,1.0,1.0,0.6008620689655173,0.9294525716473957,0.7475071113409906,stage2_probe,s09
s17,s16,2.0,5.017170493089229,3.0,1.0,4.0,56.0,0.9333333333333333,0.07758620689655173,0.8666666666666667,1.0,0.6508620689655172,0.8579078272578411,0.7019183798686393,stage2_probe,s09
s08,s16,2.0,6.057748393046309,3.0,4.0,7.0,54.0,0.9,0.06982758620689655,0.8,1.0,0.653448275862069,0.8521867190455684,0.6822645083660717,stage2_probe,s09
s15,s16,2.0,6.58299848091687,3.0,5.0,8.0,,,,,,,,,stage1_pruned,s09
s07,s16,2.0,6.586237992583429,3.0,7.0,10.0,,,,,,,,,stage1_pruned,s09
s06,s16,2.0,6.827313335299915,3.0,8.0,11.0,,,,,,,,,stage1_pruned,s09
s19,s16,2.0,6.89652789554593,3.0,9.0,12.0,,,,,,,,,stage1_pruned,s09
s28,s16,2.0,7.102112068947306,3.0,10.0,13.0,,,,,,,,,stage1_pruned,s09
s10,s16,2.0,7.102133022132382,3.0,11.0,14.0,,,,,,,,,stage1_pruned,s09
s20,s16,2.0,7.125956498767107,3.0,12.0,15.0,,,,,,,,,stage1_pruned,s09
s02,s16,2.0,7.154271164700532,3.0,13.0,16.0,,,,,,,,,stage1_pruned,s09
s01,s16,2.0,7.212880886246489,3.0,14.0,17.0,,,,,,,,,stage1_pruned,s09
s12,s16,2.0,7.439946796713257,3.0,15.0,18.0,,,,,,,,,stage1_pruned,s09
s04,s16,2.0,7.459748420042809,3.0,16.0,19.0,,,,,,,,,stage1_pruned,s09
s22,s16,2.0,7.626400121942125,3.0,17.0,20.0,,,,,,,,,stage1_pruned,s09
s31,s16,2.0,7.662410245375078,3.0,18.0,21.0,,,,,,,,,stage1_pruned,s09
s30,s16,2.0,7.725895930194656,3.0,19.0,22.0,,,,,,,,,stage1_pruned,s09
s26,s16,1.9833333333333334,7.87349580146079,2.0,21.0,23.0,,,,,,,,,stage1_pruned,s09
s25,s16,2.0,7.868042197098365,3.0,20.0,23.0,,,,,,,,,stage1_pruned,s09
s24,s16,2.0,8.30490878845532,3.0,22.0,25.0,,,,,,,,,stage1_pruned,s09
s13,s16,2.0,8.355704033282741,3.0,23.0,26.0,,,,,,,,,stage1_pruned,s09
s23,s16,2.0,8.430141573003898,3.0,24.0,27.0,,,,,,,,,stage1_pruned,s09
s27,s16,2.0,8.473680646777678,3.0,25.0,28.0,,,,,,,,,stage1_pruned,s09
s03,s16,2.0,8.513798799441464,3.0,26.0,29.0,,,,,,,,,stage1_pruned,s09
s32,s16,2.0,9.051424712710087,3.0,27.0,30.0,,,,,,,,,stage1_pruned,s09
s11,s16,1.9833333333333334,9.157522916480392,2.0,29.0,31.0,,,,,,,,,stage1_pruned,s09
s05,s16,2.0,9.066710311819836,3.0,28.0,31.0,,,,,,,,,stage1_pruned,s09
s14,s16,2.0,9.357872852072692,3.0,30.0,33.0,,,,,,,,,stage1_pruned,s09
s21,s16,2.0,10.491716370122111,3.0,31.0,34.0,,,,,,,,,stage1_pruned,s09
s06,s17,1.9833333333333334,4.9416847749548145,3.0,4.0,7.0,60.0,1.0,0.8206896551724138,1.0,1.0,0.8767241379310345,0.9950854641642802,0.9392370318289036,stage2_probe,s06
s18,s17,2.0,4.5995459630352755,4.0,1.0,5.0,60.0,1.0,0.8767241379310344,1.0,1.0,0.8094827586206896,0.9998245437103515,0.9372326064958625,stage2_probe,s06
s16,s17,2.0,4.886369100764936,4.0,3.0,7.0,60.0,1.0,0.6681034482758621,1.0,1.0,0.8637931034482758,0.9918733767485557,0.9059729791822554,stage2_probe,s06
s28,s17,2.0,4.752490146747191,4.0,2.0,6.0,60.0,1.0,0.41551724137931034,1.0,1.0,0.7129310344827586,0.9972570569452529,0.8255525080196766,stage2_probe,s06
s01,s17,1.9666666666666668,5.007357315939799,2.0,5.0,7.0,60.0,1.0,0.23448275862068965,1.0,1.0,0.743103448275862,0.9896317164411734,0.794998827201369,stage2_probe,s06
s09,s17,2.0,5.050810389941423,4.0,6.0,10.0,,,,,,,,,stage1_pruned,s06
s29,s17,1.9833333333333334,5.0971287527315035,3.0,8.0,11.0,,,,,,,,,stage1_pruned,s06
s07,s17,2.0,5.091095902705285,4.0,7.0,11.0,,,,,,,,,stage1_pruned,s06
s10,s17,1.9833333333333334,5.701991588422331,3.0,10.0,13.0,,,,,,,,,stage1_pruned,s06
s02,s17,2.0,5.478398216615063,4.0,9.0,13.0,,,,,,,,,stage1_pruned,s06
s26,s17,1.9666666666666668,5.774348566358879,2.0,12.0,14.0,,,,,,,,,stage1_pruned,s06
s20,s17,1.9500000000000002,5.792878425883671,1.0,14.0,15.0,,,,,,,,,stage1_pruned,s06
s19,s17,1.9666666666666668,5.787049158714301,2.0,13.0,15.0,,,,,,,,,stage1_pruned,s06
s08,s17,2.0,5.7071524323709175,4.0,11.0,15.0,,,,,,,,,stage1_pruned,s06
s15,s17,2.0,5.827442582299006,4.0,15.0,19.0,,,,,,,,,stage1_pruned,s06
s31,s17,2.0,5.939446245263125,4.0,16.0,20.0,,,,,,,,,stage1_pruned,s06
s30,s17,2.0,6.163150512350737,4.0,17.0,21.0,,,,,,,,,stage1_pruned,s06
s25,s17,2.0,6.233283500770843,4.0,18.0,22.0,,,,,,,,,stage1_pruned,s06
s04,s17,1.9500000000000002,6.748265968549241,1.0,22.0,23.0,,,,,,,,,stage1_pruned,s06
s03,s17,2.0,6.481885874034216,4.0,19.0,23.0,,,,,,,,,stage1_pruned,s06
s23,s17,2.0,6.579764490748151,4.0,20.0,24.0,,,,,,,,,stage1_pruned,s06
s27,s17,2.0,6.633171729616207,4.0,21.0,25.0,,,,,,,,,stage1_pruned,s06
s32,s17,2.0,6.781130696809804,4.0,23.0,27.0,,,,,,,,,stage1_pruned,s06
s22,s17,1.9833333333333334,7.151795583487363,3.0,25.0,28.0,,,,,,,,,stage1_pruned,s06
s13,s17,2.0,6.975451230428518,4.0,24.0,28.0,,,,,,,,,stage1_pruned,s06
s12,s17,1.9833333333333334,7.411651327837895,3.0,26.0,29.0,,,,,,,,,stage1_pruned,s06
s05,s17,1.9833333333333334,7.708035309454236,3.0,27.0,30.0,,,,,,,,,stage1_pruned,s06
s11,s17,1.9833333333333334,8.098753390377327,3.0,29.0,32.0,,,,,,,,,stage1_pruned,s06
s24,s17,2.0,7.754791204885783,4.0,28.0,32.0,,,,,,,,,stage1_pruned,s06
s21,s17,2.0,8.4758526085502,4.0,30.0,34.0,,,,,,,,,stage1_pruned,s06
s14,s17,2.0,9.504562120167067,4.0,31.0,35.0,,,,,,,,,stage1_pruned,s06
s02,s18,2.0,4.4466967157765005,2.0,1.0,3.0,60.0,1.0,0.2810344827586207,1.0,1.0,0.7663793103448275,0.9563712455028229,0.8073013208958308,stage2_probe,s02
s01,s18,2.0,4.539671205691428,2.0,3.0,5.0,60.0,1.0,0.253448275862069,1.0,1.0,0.725,0.977639939712256,0.7945716521580267,stage2_probe,s02
s08,s18,2.0,5.423871837125335,2.0,5.0,7.0,60.0,1.0,0.14310344827586208,1.0,1.0,0.7232758620689654,0.9175123563774582,0.7691514798878385,stage2_probe,s02
s19,s18,2.0,5.373474802747306,2.0,4.0,6.0,60.0,1.0,0.10775862068965517,1.0,1.0,0.6767241379310345,0.8692204734602602,0.750357575397151,stage2_probe,s02
s17,s18,1.9833333333333334,4.525779767533217,1.0,2.0,3.0,50.0,0.8333333333333334,0.125,0.6666666666666666,1.0,0.6905172413793104,0.9506752888422761,0.6689705460513092,stage2_probe,s02
s03,s18,1.9833333333333334,5.625172700255391,1.0,7.0,8.0,,,,,,,,,stage1_pruned,s02
s10,s18,2.0,5.564937475673607,2.0,6.0,8.0,,,,,,,,,stage1_pruned,s02
s22,s18,2.0,5.682301397201432,2.0,8.0,10.0,,,,,,,,,stage1_pruned,s02
s06,s18,1.9833333333333334,5.819152996639253,1.0,10.0,11.0,,,,,,,,,stage1_pruned,s02
s20,s18,2.0,5.73597989854562,2.0,9.0,11.0,,,,,,,,,stage1_pruned,s02
s28,s18,2.0,5.881514569590703,2.0,11.0,13.0,,,,,,,,,stage1_pruned,s02
s29,s18,2.0,5.898722249200943,2.0,12.0,14.0,,,,,,,,,stage1_pruned,s02
s15,s18,1.9833333333333334,6.004584668310052,1.0,14.0,15.0,,,,,,,,,stage1_pruned,s02
s16,s18,2.0,5.951419871000804,2.0,13.0,15.0,,,,,,,,,stage1_pruned,s02
s09,s18,1.9833333333333334,6.146203191981115,1.0,15.0,16.0,,,,,,,,,stage1_pruned,s02
s04,s18,2.0,6.159406296322934,2.0,16.0,18.0,,,,,,,,,stage1_pruned,s02
s27,s18,2.0,6.229735640394287,2.0,17.0,19.0,,,,,,,,,stage1_pruned,s02
s23,s18,2.0,6.357339705457782,2.0,18.0,20.0,,,,,,,,,stage1_pruned,s02
s26,s18,1.9833333333333334,6.498468968737928,1.0,20.0,21.0,,,,,,,,,stage1_pruned,s02
s30,s18,2.0,6.436994860130051,2.0,19.0,21.0,,,,,,,,,stage1_pruned,s02
s32,s18,2.0,6.822192885472739,2.0,21.0,23.0,,,,,,,,,stage1_pruned,s02
s13,s18,2.0,6.937501311770718,2.0,22.0,24.0,,,,,,,,,stage1_pruned,s02
s07,s18,2.0,6.978564601805791,2.0,23.0,25.0,,,,,,,,,stage1_pruned,s02
s25,s18,2.0,7.0928705131050105,2.0,24.0,26.0,,,,,,,,,stage1_pruned,s02
s12,s18,1.9833333333333334,8.247014092778791,1.0,26.0,27.0,,,,,,,,,stage1_pruned,s02
s05,s18,2.0,7.566854576278948,2.0,25.0,27.0,,,,,,,,,stage1_pruned,s02
s31,s18,1.9833333333333334,8.400456397905936,1.0,28.0,29.0,,,,,,,,,stage1_pruned,s02
s11,s18,2.0,8.279880900230575,2.0,27.0,29.0,,,,,,,,,stage1_pruned,s02
s21,s18,2.0,8.576870154122481,2.0,29.0,31.0,,,,,,,,,stage1_pruned,s02
s24,s18,2.0,8.758263885003515,2.0,30.0,32.0,,,,,,,,,stage1_pruned,s02
s14,s18,2.0,10.078725843231819,2.0,31.0,33.0,,,,,,,,,stage1_pruned,s02
s18,s19,2.0,5.965316178589921,3.0,2.0,5.0,60.0,1.0,0.2818965517241379,1.0,1.0,0.8129310344827585,0.9161279899540116,0.8147719167390799,stage2_probe,s18
s04,s19,1.9500000000000002,6.015886072286709,1.0,3.0,4.0,60.0,1.0,0.10172413793103448,1.0,1.0,0.7543103448275861,0.8679700911715597,0.7646054011103021,stage2_probe,s18
s09,s19,2.0,6.170842081657435,3.0,5.0,8.0,60.0,1.0,0.16810344827586207,1.0,1.0,0.6655172413793103,0.8850695692848355,0.7609776163952763,stage2_probe,s18
s26,s19,1.9833333333333334,6.038596342833035,2.0,4.0,6.0,27.0,0.45,0.07844827586206897,0.5,1.0,0.6258620689655172,0.9104643999184193,0.5538852889614383,stage2_probe,s18
s17,s19,1.9833333333333334,5.724044638387287,2.0,1.0,3.0,8.0,0.13333333333333333,0.015517241379310345,0.0,1.0,0.6405172413793103,0.8444803214081249,0.3934309126221304,stage2_probe,s18
s20,s19,2.0,6.225830513142285,3.0,6.0,9.0,,,,,,,,,stage1_pruned,s18
s01,s19,2.0,6.265788684780864,3.0,7.0,10.0,,,,,,,,,stage1_pruned,s18
s28,s19,2.0,6.38972300936406,3.0,8.0,11.0,,,,,,,,,stage1_pruned,s18
s10,s19,2.0,6.602640412871102,3.0,9.0,12.0,,,,,,,,,stage1_pruned,s18
s22,s19,2.0,6.679186936853647,3.0,10.0,13.0,,,,,,,,,stage1_pruned,s18
s08,s19,2.0,6.720499724671965,3.0,11.0,14.0,,,,,,,,,stage1_pruned,s18
s23,s19,1.9833333333333334,6.860521919722513,2.0,13.0,15.0,,,,,,,,,stage1_pruned,s18
s16,s19,2.0,6.8268043314204006,3.0,12.0,15.0,,,,,,,,,stage1_pruned,s18
s29,s19,2.0,6.984675412212992,3.0,14.0,17.0,,,,,,,,,stage1_pruned,s18
s06,s19,2.0,7.006072113257863,3.0,15.0,18.0,,,,,,,,,stage1_pruned,s18
s07,s19,2.0,7.212498966162502,3.0,16.0,19.0,,,,,,,,,stage1_pruned,s18
s02,s19,2.0,7.277178121603089,3.0,17.0,20.0,,,,,,,,,stage1_pruned,s18
s27,s19,1.9833333333333334,7.429261460401383,2.0,19.0,21.0,,,,,,,,,stage1_pruned,s18
s15,s19,2.0,7.362611234333629,3.0,18.0,21.0,,,,,,,,,stage1_pruned,s18
s30,s19,2.0,7.446248918476488,3.0,20.0,23.0,,,,,,,,,stage1_pruned,s18
s32,s19,2.0,7.6351756622647935,3.0,21.0,24.0,,,,,,,,,stage1_pruned,s18
s25,s19,2.0,7.948862742062458,3.0,22.0,25.0,,,,,,,,,stage1_pruned,s18
s03,s19,2.0,7.987116331997226,3.0,23.0,26.0,,,,,,,,,stage1_pruned,s18
s13,s19,2.0,8.178740261147892,3.0,24.0,27.0,,,,,,,,,stage1_pruned,s18
s05,s19,1.9833333333333334,8.545081506729273,2.0,26.0,28.0,,,,,,,,,stage1_pruned,s18
s11,s19,2.0,8.355462755137658,3.0,25.0,28.0,,,,,,,,,stage1_pruned,s18
s31,s19,2.0,8.913132646703183,3.0,27.0,30.0,,,,,,,,,stage1_pruned,s18
s12,s19,2.0,9.160884514315574,3.0,28.0,31.0,,,,,,,,,stage1_pruned,s18
s24,s19,2.0,9.816905191588452,3.0,29.0,32.0,,,,,,,,,stage1_pruned,s18
s14,s19,1.9833333333333334,11.424060073884117,2.0,31.0,33.0,,,,,,,,,stage1_pruned,s18
s21,s19,2.0,10.03200479257147,3.0,30.0,33.0,,,,,,,,,stage1_pruned,s18
s18,s20,2.0,4.9969628349966015,3.0,3.0,6.0,56.0,0.9333333333333333,0.05603448275862069,0.8666666666666667,1.0,0.7301724137931034,0.8325614808024445,0.7122027866838003,stage2_probe,s18
s10,s20,1.9666666666666668,5.775086260099268,1.0,4.0,5.0,8.0,0.13333333333333333,0.9129310344827586,0.0,1.0,1.0,0.9972060961872089,0.6524465117059122,stage2_probe,s18
s01,s20,2.0,4.700633842756622,3.0,1.0,4.0,33.0,0.55,0.028448275862068967,0.5714285714285714,1.0,0.6362068965517241,0.8131298985058439,0.5703732436937652,stage2_probe,s18
s26,s20,1.9833333333333334,4.946740519048628,2.0,2.0,4.0,21.0,0.35,0.0896551724137931,0.5,1.0,0.6293103448275861,0.9224172444326955,0.5424139656699106,stage2_probe,s18
s17,s20,1.9833333333333334,5.779507277858258,2.0,5.0,7.0,15.0,0.25,0.039655172413793106,0.5,1.0,0.6862068965517241,0.9127371534339518,0.528309271464801,stage2_probe,s18
s04,s20,1.9666666666666668,6.204998228432895,1.0,8.0,9.0,,,,,,,,,stage1_pruned,s18
s28,s20,2.0,5.835831682246854,3.0,6.0,9.0,,,,,,,,,stage1_pruned,s18
s29,s20,2.0,6.045931729016985,3.0,7.0,10.0,,,,,,,,,stage1_pruned,s18
s19,s20,2.0,6.213088453865846,3.0,9.0,12.0,,,,,,,,,stage1_pruned,s18
s22,s20,2.0,6.66837907967982,3.0,10.0,13.0,,,,,,,,,stage1_pruned,s18
s30,s20,2.0,6.702488524498145,3.0,11.0,14.0,,,,,,,,,stage1_pruned,s18
s08,s20,2.0,6.726746104427772,3.0,12.0,15.0,,,,,,,,,stage1_pruned,s18
s15,s20,2.0,6.825462625404976,3.0,13.0,16.0,,,,,,,,,stage1_pruned,s18
s02,s20,1.9666666666666668,7.043251453679626,1.0,16.0,17.0,,,,,,,,,stage1_pruned,s18
s09,s20,2.0,6.833476260366125,3.0,14.0,17.0,,,,,,,,,stage1_pruned,s18
s32,s20,2.0,6.950115980666435,3.0,15.0,18.0,,,,,,,,,stage1_pruned,s18
s03,s20,2.0,7.088197693644532,3.0,17.0,20.0,,,,,,,,,stage1_pruned,s18
s23,s20,1.9833333333333334,7.230377445865637,2.0,19.0,21.0,,,,,,,,,stage1_pruned,s18
s16,s20,2.0,7.1838697117892885,3.0,18.0,21.0,,,,,,,,,stage1_pruned,s18
s13,s20,1.9833333333333334,7.262101636446383,2.0,21.0,23.0,,,,,,,,,stage1_pruned,s18
s27,s20,2.0,7.232628198117494,3.0,20.0,23.0,,,,,,,,,stage1_pruned,s18
s06,s20,2.0,7.27542983998665,3.0,22.0,25.0,,,,,,,,,stage1_pruned,s18
s25,s20,2.0,7.341594409862601,3.0,23.0,26.0,,,,,,,,,stage1_pruned,s18
s05,s20,2.0,7.9551222719303984,3.0,24.0,27.0,,,,,,,,,stage1_pruned,s18
s07,s20,1.9833333333333334,8.360171775236186,2.0,26.0,28.0,,,,,,,,,stage1_pruned,s18
s31,s20,2.0,8.11587758573555,3.0,25.0,28.0,,,,,,,,,stage1_pruned,s18
s11,s20,2.0,8.640576504573938,3.0,27.0,30.0,,,,,,,,,stage1_pruned,s18
s21,s20,2.0,8.832882943055113,3.0,28.0,31.0,,,,,,,,,stage1_pruned,s18
s12,s20,2.0,9.427233207592636,3.0,29.0,32.0,,,,,,,,,stage1_pruned,s18
s24,s20,2.0,9.619993362048438,3.0,30.0,33.0,,,,,,,,,stage1_pruned,s18
s14,s20,2.0,11.28945556738767,3.0,31.0,34.0,,,,,,,,,stage1_pruned,s18
s18,s21,2.0,7.395105951087719,1.0,4.0,5.0,60.0,1.0,0.13793103448275862,1.0,1.0,0.7508620689655172,0.862583913627883,0.7708878163710494,stage2_probe,s18
s22,s21,2.0,6.856325082101819,1.0,3.0,4.0,55.0,0.9166666666666666,0.06379310344827586,0.8333333333333334,1.0,0.6258620689655172,0.8145838402034685,0.6828268931595988,stage2_probe,s18
s26,s21,2.0,6.6166109640693564,1.0,2.0,3.0,9.0,0.15,0.01293103448275862,0.5,1.0,0.7137931034482758,0.840286533930636,0.5098591542827388,stage2_probe,s18
s08,s21,2.0,7.941058237440438,1.0,5.0,6.0,3.0,0.05,0.006896551724137931,0.5,1.0,0.6922413793103448,0.8683971746699921,0.49074744494039624,stage2_probe,s18
s05,s21,2.0,5.504861531125384,1.0,1.0,2.0,8.0,0.13333333333333333,0.027586206896551724,0.0,1.0,0.653448275862069,0.8849921442024048,0.4004565037618444,stage2_probe,s18
s30,s21,2.0,8.195635612533659,1.0,6.0,7.0,,,,,,,,,stage1_pruned,s18
s27,s21,2.0,8.219070079374866,1.0,7.0,8.0,,,,,,,,,stage1_pruned,s18
s10,s21,2.0,8.376106403992821,1.0,8.0,9.0,,,,,,,,,stage1_pruned,s18
s29,s21,2.0,8.392576097826739,1.0,9.0,10.0,,,,,,,,,stage1_pruned,s18
s17,s21,2.0,8.48383678191974,1.0,10.0,11.0,,,,,,,,,stage1_pruned,s18
s01,s21,2.0,8.580269131219707,1.0,11.0,12.0,,,,,,,,,stage1_pruned,s18
s23,s21,2.0,8.661461158581536,1.0,12.0,13.0,,,,,,,,,stage1_pruned,s18
s15,s21,2.0,8.668892598647787,1.0,13.0,14.0,,,,,,,,,stage1_pruned,s18
s11,s21,2.0,8.811147195166134,1.0,14.0,15.0,,,,,,,,,stage1_pruned,s18
s28,s21,2.0,9.114928702401897,1.0,15.0,16.0,,,,,,,,,stage1_pruned,s18
s04,s21,2.0,9.27480559467225,1.0,16.0,17.0,,,,,,,,,stage1_pruned,s18
s32,s21,2.0,9.360153881380512,1.0,17.0,18.0,,,,,,,,,stage1_pruned,s18
s03,s21,2.0,9.558869643939602,1.0,18.0,19.0,,,,,,,,,stage1_pruned,s18
s20,s21,2.0,9.81772714575549,1.0,19.0,20.0,,,,,,,,,stage1_pruned,s18
s19,s21,2.0,9.946317655693232,1.0,20.0,21.0,,,,,,,,,stage1_pruned,s18
s13,s21,2.0,10.170220819319654,1.0,21.0,22.0,,,,,,,,,stage1_pruned,s18
s25,s21,2.0,10.318655464703188,1.0,22.0,23.0,,,,,,,,,stage1_pruned,s18
s09,s21,2.0,10.568632720097458,1.0,23.0,24.0,,,,,,,,,stage1_pruned,s18
s06,s21,2.0,10.618943556346476,1.0,24.0,25.0,,,,,,,,,stage1_pruned,s18
s16,s21,2.0,10.64566743682207,1.0,25.0,26.0,,,,,,,,,stage1_pruned,s18
s12,s21,2.0,10.93256564415912,1.0,26.0,27.0,,,,,,,,,stage1_pruned,s18
s02,s21,2.0,11.061998810907033,1.0,27.0,28.0,,,,,,,,,stage1_pruned,s18
s31,s21,2.0,11.16616578759379,1.0,28.0,29.0,,,,,,,,,stage1_pruned,s18
s24,s21,2.0,11.341432838898307,1.0,29.0,30.0,,,,,,,,,stage1_pruned,s18
s07,s21,2.0,11.498345529806391,1.0,30.0,31.0,,,,,,,,,stage1_pruned,s18
s14,s21,2.0,12.930460430248138,1.0,31.0,32.0,,,,,,,,,stage1_pruned,s18
s18,s22,2.0,5.8167480769181585,3.0,3.0,6.0,60.0,1.0,0.8939655172413793,1.0,1.0,0.9,0.9956631973252943,0.9585762633145405,stage2_probe,s18
s04,s22,2.0,5.9895054725800545,3.0,5.0,8.0,60.0,1.0,0.34051724137931033,1.0,1.0,0.875,0.9219857811652319,0.8392027373341236,stage2_probe,s18
s26,s22,2.0,5.394287677382865,3.0,2.0,5.0,60.0,1.0,0.2956896551724138,1.0,1.0,0.7836206896551724,0.9456940779207442,0.8131467728615545,stage2_probe,s18
s10,s22,2.0,5.113052426956348,3.0,1.0,4.0,60.0,1.0,0.2353448275862069,1.0,1.0,0.8275862068965516,0.9396343260678035,0.809567923199942,stage2_probe,s18
s05,s22,1.9500000000000002,5.962324674306236,1.0,4.0,5.0,39.0,0.65,0.03362068965517241,0.5,1.0,0.6586206896551724,0.848475055958483,0.5783720286599932,stage2_probe,s18
s11,s22,2.0,6.111830469862351,3.0,6.0,9.0,,,,,,,,,stage1_pruned,s18
s01,s22,2.0,6.122989774160835,3.0,7.0,10.0,,,,,,,,,stage1_pruned,s18
s03,s22,2.0,6.231312734644745,3.0,8.0,11.0,,,,,,,,,stage1_pruned,s18
s19,s22,2.0,6.441800730718615,3.0,9.0,12.0,,,,,,,,,stage1_pruned,s18
s23,s22,2.0,6.469790292523864,3.0,10.0,13.0,,,,,,,,,stage1_pruned,s18
s30,s22,2.0,6.483700974181387,3.0,11.0,14.0,,,,,,,,,stage1_pruned,s18
s32,s22,2.0,6.544117345771546,3.0,12.0,15.0,,,,,,,,,stage1_pruned,s18
s20,s22,2.0,6.557119617327675,3.0,13.0,16.0,,,,,,,,,stage1_pruned,s18
s13,s22,2.0,6.671342570839262,3.0,14.0,17.0,,,,,,,,,stage1_pruned,s18
s27,s22,2.0,6.837723291460686,3.0,15.0,18.0,,,,,,,,,stage1_pruned,s18
s15,s22,2.0,6.856132616484117,3.0,16.0,19.0,,,,,,,,,stage1_pruned,s18
s17,s22,2.0,6.870782132988613,3.0,17.0,20.0,,,,,,,,,stage1_pruned,s18
s21,s22,2.0,6.943640727455227,3.0,18.0,21.0,,,,,,,,,stage1_pruned,s18
s28,s22,2.0,6.991955540560093,3.0,19.0,22.0,,,,,,,,,stage1_pruned,s18
s08,s22,2.0,7.139457009691284,3.0,20.0,23.0,,,,,,,,,stage1_pruned,s18
s29,s22,2.0,7.1682851707163,3.0,21.0,24.0,,,,,,,,,stage1_pruned,s18
s02,s22,2.0,7.331254613774762,3.0,22.0,25.0,,,,,,,,,stage1_pruned,s18
s06,s22,1.9833333333333334,7.823685993480103,2.0,24.0,26.0,,,,,,,,,stage1_pruned,s18
s16,s22,2.0,7.7777163666529985,3.0,23.0,26.0,,,,,,,,,stage1_pruned,s18
s09,s22,2.0,7.827852453853991,3.0,25.0,28.0,,,,,,,,,stage1_pruned,s18
s25,s22,2.0,7.871896712800971,3.0,26.0,29.0,,,,,,,,,stage1_pruned,s18
s07,s22,2.0,8.288324228836968,3.0,27.0,30.0,,,,,,,,,stage1_pruned,s18
s31,s22,2.0,9.016019332805142,3.0,28.0,31.0,,,,,,,,,stage1_pruned,s18
s24,s22,2.0,9.476263028504027,3.0,29.0,32.0,,,,,,,,,stage1_pruned,s18
s12,s22,2.0,9.735788462553469,3.0,30.0,33.0,,,,,,,,,stage1_pruned,s18
s14,s22,2.0,10.84868531286077,3.0,31.0,34.0,,,,,,,,,stage1_pruned,s18
s27,s23,1.9666666666666668,5.673037437935957,2.0,1.0,3.0,60.0,1.0,0.44741379310344825,1.0,1.0,0.7077586206896551,0.9933300887315187,0.8307009871951967,stage2_probe,s27
s04,s23,2.0,6.2342686037379345,4.0,5.0,9.0,60.0,1.0,0.3129310344827586,1.0,1.0,0.8181034482758621,0.9371814051817983,0.823065966810814,stage2_probe,s27
s26,s23,1.9500000000000002,5.826684533014149,1.0,2.0,3.0,60.0,1.0,0.26120689655172413,1.0,1.0,0.7836206896551724,0.9318357716313451,0.8055573058229466,stage2_probe,s27
s18,s23,2.0,6.178455000669465,4.0,4.0,8.0,60.0,1.0,0.19310344827586207,1.0,1.0,0.7025862068965516,0.9811298448923199,0.7781944232790987,stage2_probe,s27
s22,s23,2.0,6.13535086712376,4.0,3.0,7.0,31.0,0.5166666666666667,0.026724137931034484,0.55,1.0,0.6525862068965517,0.8420650536517027,0.5654653216481025,stage2_probe,s27
s32,s23,2.0,6.389255159585626,4.0,6.0,10.0,,,,,,,,,stage1_pruned,s27
s19,s23,1.9833333333333334,6.585452147103463,3.0,8.0,11.0,,,,,,,,,stage1_pruned,s27
s10,s23,2.0,6.528862078664226,4.0,7.0,11.0,,,,,,,,,stage1_pruned,s27
s17,s23,2.0,6.662981966995582,4.0,9.0,13.0,,,,,,,,,stage1_pruned,s27
s30,s23,1.9833333333333334,6.837449577419747,3.0,11.0,14.0,,,,,,,,,stage1_pruned,s27
s25,s23,2.0,6.832999138477473,4.0,10.0,14.0,,,,,,,,,stage1_pruned,s27
s01,s23,1.9833333333333334,6.993662189390063,3.0,13.0,16.0,,,,,,,,,stage1_pruned,s27
s20,s23,2.0,6.935574330128596,4.0,12.0,16.0,,,,,,,,,stage1_pruned,s27
s29,s23,2.0,7.052252150989277,4.0,14.0,18.0,,,,,,,,,stage1_pruned,s27
s11,s23,2.0,7.389994913273648,4.0,15.0,19.0,,,,,,,,,stage1_pruned,s27
s08,s23,2.0,7.440508567149529,4.0,16.0,20.0,,,,,,,,,stage1_pruned,s27
s28,s23,2.0,7.483852923564356,4.0,17.0,21.0,,,,,,,,,stage1_pruned,s27
s15,s23,1.9666666666666668,7.58308508031896,2.0,20.0,22.0,,,,,,,,,stage1_pruned,s27
s05,s23,2.0,7.520716513726514,4.0,18.0,22.0,,,,,,,,,stage1_pruned,s27
s03,s23,2.0,7.5550825635351355,4.0,19.0,23.0,,,,,,,,,stage1_pruned,s27
s09,s23,2.0,7.588905217988716,4.0,21.0,25.0,,,,,,,,,stage1_pruned,s27
s06,s23,2.0,8.158013755778903,4.0,22.0,26.0,,,,,,,,,stage1_pruned,s27
s02,s23,2.0,8.385938869126925,4.0,23.0,27.0,,,,,,,,,stage1_pruned,s27
s21,s23,2.0,8.482723537743864,4.0,24.0,28.0,,,,,,,,,stage1_pruned,s27
s13,s23,2.0,8.497651912391534,4.0,25.0,29.0,,,,,,,,,stage1_pruned,s27
s07,s23,2.0,8.542883856244224,4.0,26.0,30.0,,,,,,,,,stage1_pruned,s27
s16,s23,2.0,8.56321840102044,4.0,27.0,31.0,,,,,,,,,stage1_pruned,s27
s31,s23,2.0,8.872748546703491,4.0,28.0,32.0,,,,,,,,,stage1_pruned,s27
s12,s23,2.0,9.73400892012698,4.0,29.0,33.0,,,,,,,,,stage1_pruned,s27
s24,s23,2.0,9.785878235789976,4.0,30.0,34.0,,,,,,,,,stage1_pruned,s27
s14,s23,2.0,10.917001142441595,4.0,31.0,35.0,,,,,,,,,stage1_pruned,s27
s30,s24,2.0,8.025769835799196,2.0,5.0,7.0,60.0,1.0,0.17672413793103448,1.0,1.0,0.6784482758620689,0.9145676304893128,0.7667628642830865,stage2_probe,s30
s31,s24,2.0,7.813320225125253,2.0,4.0,6.0,60.0,1.0,0.13189655172413794,1.0,1.0,0.6836206896551724,0.8898573124107644,0.7575963138964003,stage2_probe,s30
s17,s24,2.0,7.539713241123124,2.0,3.0,5.0,60.0,1.0,0.17758620689655172,1.0,1.0,0.631896551724138,0.8943779580050695,0.7566154496243915,stage2_probe,s30
s08,s24,2.0,7.531098305933221,2.0,2.0,4.0,60.0,1.0,0.10172413793103448,1.0,1.0,0.6336206896551724,0.8530306001369649,0.7397204955240896,stage2_probe,s30
s12,s24,1.9833333333333334,7.4914966980326305,1.0,1.0,2.0,8.0,0.13333333333333333,0.06293103448275862,0.0,1.0,0.9189655172413793,0.9222337702846214,0.4624909988590587,stage2_probe,s30
s06,s24,2.0,8.105416569613435,2.0,6.0,8.0,,,,,,,,,stage1_pruned,s30
s16,s24,2.0,8.266671298721299,2.0,7.0,9.0,,,,,,,,,stage1_pruned,s30
s09,s24,2.0,8.328486650965734,2.0,8.0,10.0,,,,,,,,,stage1_pruned,s30
s18,s24,2.0,8.3399758588464,2.0,9.0,11.0,,,,,,,,,stage1_pruned,s30
s07,s24,2.0,8.702735919136092,2.0,10.0,12.0,,,,,,,,,stage1_pruned,s30
s25,s24,2.0,8.764379268312476,2.0,11.0,13.0,,,,,,,,,stage1_pruned,s30
s15,s24,2.0,8.812141650962234,2.0,12.0,14.0,,,,,,,,,stage1_pruned,s30
s28,s24,2.0,8.89218027954202,2.0,13.0,15.0,,,,,,,,,stage1_pruned,s30
s14,s24,2.0,8.906300016346313,2.0,14.0,16.0,,,,,,,,,stage1_pruned,s30
s29,s24,2.0,9.177401715589136,2.0,15.0,17.0,,,,,,,,,stage1_pruned,s30
s20,s24,2.0,9.22074277472941,2.0,16.0,18.0,,,,,,,,,stage1_pruned,s30
s27,s24,2.0,9.400427826278387,2.0,17.0,19.0,,,,,,,,,stage1_pruned,s30
s01,s24,2.0,9.47693177649588,2.0,18.0,20.0,,,,,,,,,stage1_pruned,s30
s19,s24,1.9833333333333334,9.637194994214768,1.0,20.0,21.0,,,,,,,,,stage1_pruned,s30
s10,s24,2.0,9.557639603747635,2.0,19.0,21.0,,,,,,,,,stage1_pruned,s30
s04,s24,1.9833333333333334,9.66324706902373,1.0,22.0,23.0,,,,,,,,,stage1_pruned,s30
s02,s24,2.0,9.652706337336916,2.0,21.0,23.0,,,,,,,,,stage1_pruned,s30
s22,s24,2.0,9.727438070371615,2.0,23.0,25.0,,,,,,,,,stage1_pruned,s30
s26,s24,2.0,9.765057840208094,2.0,24.0,26.0,,,,,,,,,stage1_pruned,s30
s23,s24,2.0,9.82772983506895,2.0,25.0,27.0,,,,,,,,,stage1_pruned,s30
s32,s24,2.0,9.864689638451622,2.0,26.0,28.0,,,,,,,,,stage1_pruned,s30
s13,s24,2.0,10.040284989639284,2.0,27.0,29.0,,,,,,,,,stage1_pruned,s30
s05,s24,1.9833333333333334,10.184872026812526,1.0,29.0,30.0,,,,,,,,,stage1_pruned,s30
s03,s24,2.0,10.075172731708916,2.0,28.0,30.0,,,,,,,,,stage1_pruned,s30
s11,s24,2.0,10.54452031599408,2.0,30.0,32.0,,,,,,,,,stage1_pruned,s30
s21,s24,2.0,11.591946445555484,2.0,31.0,33.0,,,,,,,,,stage1_pruned,s30
s29,s25,2.0,6.870834424108034,2.0,5.0,7.0,60.0,1.0,0.7560344827586207,1.0,1.0,0.8758620689655172,0.9994696260257424,0.9263527916461147,stage2_probe,s29
s17,s25,2.0,6.2328103171013876,2.0,2.0,4.0,60.0,1.0,0.2681034482758621,1.0,1.0,0.8801724137931034,0.9575267356368136,0.8275315091956337,stage2_probe,s29
s28,s25,1.9833333333333334,6.396372275830483,1.0,3.0,4.0,60.0,1.0,0.25689655172413794,1.0,1.0,0.8439655172413794,0.9449248031684314,0.8174186539515251,stage2_probe,s29
s30,s25,2.0,5.822303999402947,2.0,1.0,3.0,60.0,1.0,0.24310344827586206,1.0,1.0,0.7172413793103448,0.9090463441171299,0.787521282723098,stage2_probe,s29
s32,s25,2.0,6.704239485953235,2.0,4.0,6.0,60.0,1.0,0.16637931034482759,1.0,1.0,0.7956896551724137,0.8985167320320617,0.7873396297050513,stage2_probe,s29
s23,s25,2.0,7.093347011083454,2.0,6.0,8.0,,,,,,,,,stage1_pruned,s29
s27,s25,1.9833333333333334,7.313038604665475,1.0,8.0,9.0,,,,,,,,,stage1_pruned,s29
s08,s25,2.0,7.263483715104973,2.0,7.0,9.0,,,,,,,,,stage1_pruned,s29
s09,s25,2.0,7.3227168531472975,2.0,9.0,11.0,,,,,,,,,stage1_pruned,s29
s31,s25,2.0,7.42521285409251,2.0,10.0,12.0,,,,,,,,,stage1_pruned,s29
s10,s25,2.0,7.455357438123169,2.0,11.0,13.0,,,,,,,,,stage1_pruned,s29
s15,s25,2.0,7.459069335637681,2.0,12.0,14.0,,,,,,,,,stage1_pruned,s29
s20,s25,2.0,7.562981416824265,2.0,13.0,15.0,,,,,,,,,stage1_pruned,s29
s01,s25,2.0,7.738536847368356,2.0,14.0,16.0,,,,,,,,,stage1_pruned,s29
s04,s25,2.0,7.7414507606272895,2.0,15.0,17.0,,,,,,,,,stage1_pruned,s29
s16,s25,2.0,7.813173915153072,2.0,16.0,18.0,,,,,,,,,stage1_pruned,s29
s22,s25,2.0,7.858601306958968,2.0,17.0,19.0,,,,,,,,,stage1_pruned,s29
s07,s25,2.0,7.865898950455407,2.0,18.0,20.0,,,,,,,,,stage1_pruned,s29
s18,s25,2.0,7.932172931304419,2.0,19.0,21.0,,,,,,,,,stage1_pruned,s29
s03,s25,2.0,8.029410426792072,2.0,20.0,22.0,,,,,,,,,stage1_pruned,s29
s06,s25,2.0,8.093903018093714,2.0,21.0,23.0,,,,,,,,,stage1_pruned,s29
s19,s25,2.0,8.164029294966547,2.0,22.0,24.0,,,,,,,,,stage1_pruned,s29
s26,s25,2.0,8.200302482322522,2.0,23.0,25.0,,,,,,,,,stage1_pruned,s29
s13,s25,2.0,8.713646856628053,2.0,24.0,26.0,,,,,,,,,stage1_pruned,s29
s24,s25,2.0,8.888545462549828,2.0,25.0,27.0,,,,,,,,,stage1_pruned,s29
s12,s25,2.0,8.927818135861271,2.0,26.0,28.0,,,,,,,,,stage1_pruned,s29
s11,s25,2.0,9.086994311229203,2.0,27.0,29.0,,,,,,,,,stage1_pruned,s29
s05,s25,2.0,9.254761359635156,2.0,28.0,30.0,,,,,,,,,stage1_pruned,s29
s02,s25,2.0,9.269138493718792,2.0,29.0,31.0,,,,,,,,,stage1_pruned,s29
s14,s25,2.0,10.266549914045829,2.0,30.0,32.0,,,,,,,,,stage1_pruned,s29
s21,s25,2.0,10.36759213403347,2.0,31.0,33.0,,,,,,,,,stage1_pruned,s29
s29,s26,2.0,5.714118093385946,3.0,3.0,6.0,60.0,1.0,0.5336206896551724,1.0,1.0,0.8568965517241379,0.9866832255747667,0.8774376095546004,stage2_probe,s29
s27,s26,1.9666666666666668,5.8018994947877465,1.0,6.0,7.0,60.0,1.0,0.4689655172413793,1.0,1.0,0.6913793103448276,0.9828818051209325,0.8312130557732881,stage2_probe,s29
s10,s26,2.0,5.727746476227656,3.0,4.0,7.0,46.0,0.7666666666666667,0.8362068965517241,0.5333333333333333,1.0,0.9560344827586207,0.948258306444787,0.827527857850975,stage2_probe,s29
s22,s26,2.0,5.603546724042027,3.0,2.0,5.0,60.0,1.0,0.11293103448275862,1.0,1.0,0.7362068965517242,0.9211191834303719,0.7658835453784152,stage2_probe,s29
s20,s26,2.0,5.596452275259382,3.0,1.0,4.0,60.0,1.0,0.14051724137931035,1.0,1.0,0.6482758620689655,0.9493096667031279,0.7552241040248115,stage2_probe,s29
s23,s26,1.9666666666666668,6.008966969688171,1.0,7.0,8.0,,,,,,,,,stage1_pruned,s29
s01,s26,2.0,5.757025222160371,3.0,5.0,8.0,,,,,,,,,stage1_pruned,s29
s28,s26,1.9666666666666668,6.357034519734743,1.0,10.0,11.0,,,,,,,,,stage1_pruned,s29
s32,s26,2.0,6.096724355409615,3.0,8.0,11.0,,,,,,,,,stage1_pruned,s29
s05,s26,2.0,6.240100974490807,3.0,9.0,12.0,,,,,,,,,stage1_pruned,s29
s19,s26,1.9666666666666668,6.432426727248516,1.0,12.0,13.0,,,,,,,,,stage1_pruned,s29
s17,s26,1.9833333333333334,6.412538229601235,2.0,11.0,13.0,,,,,,,,,stage1_pruned,s29
s04,s26,2.0,6.434829843839429,3.0,13.0,16.0,,,,,,,,,stage1_pruned,s29
s03,s26,2.0,6.584336531963696,3.0,14.0,17.0,,,,,,,,,stage1_pruned,s29
s18,s26,2.0,6.653114087681365,3.0,15.0,18.0,,,,,,,,,stage1_pruned,s29
s21,s26,2.0,6.681952322270608,3.0,16.0,19.0,,,,,,,,,stage1_pruned,s29
s30,s26,2.0,6.871295118021557,3.0,17.0,20.0,,,,,,,,,stage1_pruned,s29
s08,s26,2.0,7.017957213207449,3.0,18.0,21.0,,,,,,,,,stage1_pruned,s29
s15,s26,2.0,7.34884331212232,3.0,19.0,22.0,,,,,,,,,stage1_pruned,s29
s11,s26,2.0,7.4297023204542425,3.0,20.0,23.0,,,,,,,,,stage1_pruned,s29
s09,s26,2.0,7.623543033555771,3.0,21.0,24.0,,,,,,,,,stage1_pruned,s29
s06,s26,2.0,7.9084917708279185,3.0,22.0,25.0,,,,,,,,,stage1_pruned,s29
s02,s26,2.0,7.937104024959201,3.0,23.0,26.0,,,,,,,,,stage1_pruned,s29
s16,s26,1.9833333333333334,8.175409453582025,2.0,25.0,27.0,,,,,,,,,stage1_pruned,s29
s25,s26,2.0,8.111132726140944,3.0,24.0,27.0,,,,,,,,,stage1_pruned,s29
s07,s26,2.0,8.238285156559309,3.0,26.0,29.0,,,,,,,,,stage1_pruned,s29
s12,s26,1.9833333333333334,9.168293178084989,2.0,28.0,30.0,,,,,,,,,stage1_pruned,s29
s13,s26,2.0,8.242766997691412,3.0,27.0,30.0,,,,,,,,,stage1_pruned,s29
s31,s26,1.9833333333333334,9.200598408911649,2.0,29.0,31.0,,,,,,,,,stage1_pruned,s29
s24,s26,1.9833333333333334,9.835336596163538,2.0,30.0,32.0,,,,,,,,,stage1_pruned,s29
s14,s26,2.0,11.008644568240141,3.0,31.0,34.0,,,,,,,,,stage1_pruned,s29
s26,s27,1.9833333333333334,6.390527868341609,3.0,5.0,8.0,60.0,1.0,0.1060344827586207,1.0,1.0,0.7405172413793103,0.9169615876335847,0.7651584242092654,stage2_probe,s26
s32,s27,2.0,5.736980400080382,4.0,2.0,6.0,60.0,1.0,0.12586206896551724,1.0,1.0,0.6905172413793104,0.8786948882658453,0.7572106064822578,stage2_probe,s26
s05,s27,1.9333333333333331,6.197909557699456,1.0,4.0,5.0,60.0,1.0,0.09568965517241379,1.0,1.0,0.6008620689655173,0.9171223669145755,0.7351664631733151,stage2_probe,s26
s23,s27,1.9333333333333331,6.013785674398,1.0,3.0,4.0,24.0,0.4,0.05775862068965517,0.5,1.0,0.618103448275862,0.9497984962155893,0.5426623386038829,stage2_probe,s26
s30,s27,1.9833333333333334,5.492047739371606,3.0,1.0,4.0,8.0,0.13333333333333333,0.0603448275862069,0.0,1.0,0.6758620689655173,0.995438811994247,0.4170133199100572,stage2_probe,s26
s17,s27,2.0,6.601024879677411,4.0,6.0,10.0,,,,,,,,,stage1_pruned,s26
s10,s27,2.0,6.663306214994914,4.0,7.0,11.0,,,,,,,,,stage1_pruned,s26
s29,s27,2.0,6.686207939526899,4.0,8.0,12.0,,,,,,,,,stage1_pruned,s26
s21,s27,2.0,7.133252539184146,4.0,9.0,13.0,,,,,,,,,stage1_pruned,s26
s15,s27,2.0,7.183249674080248,4.0,10.0,14.0,,,,,,,,,stage1_pruned,s26
s22,s27,2.0,7.184386731162691,4.0,11.0,15.0,,,,,,,,,stage1_pruned,s26
s28,s27,1.9833333333333334,7.30505220596398,3.0,13.0,16.0,,,,,,,,,stage1_pruned,s26
s18,s27,2.0,7.185078600869566,4.0,12.0,16.0,,,,,,,,,stage1_pruned,s26
s25,s27,1.9833333333333334,7.389056209895239,3.0,14.0,17.0,,,,,,,,,stage1_pruned,s26
s01,s27,1.9833333333333334,7.5385296992928055,3.0,16.0,19.0,,,,,,,,,stage1_pruned,s26
s19,s27,2.0,7.406987218980228,4.0,15.0,19.0,,,,,,,,,stage1_pruned,s26
s20,s27,2.0,7.629972782064778,4.0,17.0,21.0,,,,,,,,,stage1_pruned,s26
s09,s27,2.0,7.653886100698354,4.0,18.0,22.0,,,,,,,,,stage1_pruned,s26
s04,s27,2.0,7.672091557536072,4.0,19.0,23.0,,,,,,,,,stage1_pruned,s26
s08,s27,2.0,7.702369734201349,4.0,20.0,24.0,,,,,,,,,stage1_pruned,s26
s06,s27,2.0,7.987958200896765,4.0,21.0,25.0,,,,,,,,,stage1_pruned,s26
s03,s27,2.0,8.048407382484285,4.0,22.0,26.0,,,,,,,,,stage1_pruned,s26
s11,s27,2.0,8.64705157183528,4.0,23.0,27.0,,,,,,,,,stage1_pruned,s26
s13,s27,2.0,8.714422163486358,4.0,24.0,28.0,,,,,,,,,stage1_pruned,s26
s16,s27,2.0,8.949813523513889,4.0,25.0,29.0,,,,,,,,,stage1_pruned,s26
s02,s27,2.0,9.180771584758558,4.0,26.0,30.0,,,,,,,,,stage1_pruned,s26
s07,s27,2.0,9.270790732850111,4.0,27.0,31.0,,,,,,,,,stage1_pruned,s26
s12,s27,1.9666666666666668,9.653701774979481,2.0,30.0,32.0,,,,,,,,,stage1_pruned,s26
s31,s27,2.0,9.395618867721668,4.0,28.0,32.0,,,,,,,,,stage1_pruned,s26
s24,s27,2.0,9.492505572418114,4.0,29.0,33.0,,,,,,,,,stage1_pruned,s26
s14,s27,2.0,10.759370802833928,4.0,31.0,35.0,,,,,,,,,stage1_pruned,s26
s29,s28,2.0,5.502007094639119,3.0,2.0,5.0,60.0,1.0,0.6267241379310344,1.0,1.0,0.9327586206896552,0.9760850744004785,0.9107008054441619,stage2_probe,s29
s06,s28,2.0,6.075045650652483,3.0,4.0,7.0,60.0,1.0,0.6267241379310344,1.0,1.0,0.9025862068965518,0.966293728751305,0.9041767554030824,stage2_probe,s29
s09,s28,2.0,5.98097694148459,3.0,3.0,6.0,60.0,1.0,0.4681034482758621,1.0,1.0,0.8948275862068964,0.9466956752171496,0.8699209906574092,stage2_probe,s29
s01,s28,2.0,6.112455090383908,3.0,5.0,8.0,60.0,1.0,0.2974137931034483,1.0,1.0,0.6560344827586206,0.9558553490611285,0.7884824226254702,stage2_probe,s29
s17,s28,1.9833333333333334,4.895416840963574,2.0,1.0,3.0,6.0,0.1,0.006896551724137931,0.5,1.0,0.6086206896551725,0.8836331938383558,0.48228510796777985,stage2_probe,s29
s20,s28,2.0,6.128168035489381,3.0,6.0,9.0,,,,,,,,,stage1_pruned,s29
s25,s28,2.0,6.188839020382273,3.0,7.0,10.0,,,,,,,,,stage1_pruned,s29
s19,s28,2.0,6.1895086216534025,3.0,8.0,11.0,,,,,,,,,stage1_pruned,s29
s18,s28,2.0,6.42637388375262,3.0,9.0,12.0,,,,,,,,,stage1_pruned,s29
s10,s28,2.0,6.50511344779032,3.0,10.0,13.0,,,,,,,,,stage1_pruned,s29
s27,s28,2.0,6.6052705622541135,3.0,11.0,14.0,,,,,,,,,stage1_pruned,s29
s32,s28,2.0,6.617612966581539,3.0,12.0,15.0,,,,,,,,,stage1_pruned,s29
s30,s28,2.0,6.733032387736418,3.0,13.0,16.0,,,,,,,,,stage1_pruned,s29
s08,s28,2.0,6.851698754434332,3.0,14.0,17.0,,,,,,,,,stage1_pruned,s29
s04,s28,2.0,6.97764018901359,3.0,15.0,18.0,,,,,,,,,stage1_pruned,s29
s07,s28,2.0,7.071627013531987,3.0,16.0,19.0,,,,,,,,,stage1_pruned,s29
s16,s28,2.0,7.07227572337783,3.0,17.0,20.0,,,,,,,,,stage1_pruned,s29
s26,s28,1.9666666666666668,7.1508007000220575,1.0,20.0,21.0,,,,,,,,,stage1_pruned,s29
s02,s28,2.0,7.085664048062065,3.0,18.0,21.0,,,,,,,,,stage1_pruned,s29
s22,s28,2.0,7.106332535092831,3.0,19.0,22.0,,,,,,,,,stage1_pruned,s29
s15,s28,2.0,7.21626371612825,3.0,21.0,24.0,,,,,,,,,stage1_pruned,s29
s23,s28,2.0,7.221394226884695,3.0,22.0,25.0,,,,,,,,,stage1_pruned,s29
s31,s28,2.0,7.222235773437498,3.0,23.0,26.0,,,,,,,,,stage1_pruned,s29
s03,s28,2.0,7.4093422862708085,3.0,24.0,27.0,,,,,,,,,stage1_pruned,s29
s13,s28,2.0,8.120335551381592,3.0,25.0,28.0,,,,,,,,,stage1_pruned,s29
s05,s28,2.0,8.41904512872643,3.0,26.0,29.0,,,,,,,,,stage1_pruned,s29
s24,s28,2.0,8.489991772787036,3.0,27.0,30.0,,,,,,,,,stage1_pruned,s29
s11,s28,2.0,8.993922835135848,3.0,28.0,31.0,,,,,,,,,stage1_pruned,s29
s12,s28,2.0,9.077629794505167,3.0,29.0,32.0,,,,,,,,,stage1_pruned,s29
s21,s28,2.0,10.30757090983609,3.0,30.0,33.0,,,,,,,,,stage1_pruned,s29
s14,s28,2.0,10.862004068138162,3.0,31.0,34.0,,,,,,,,,stage1_pruned,s29
s10,s29,2.0,5.977910191490711,3.0,5.0,8.0,60.0,1.0,0.9103448275862069,1.0,1.0,0.8077586206896552,0.9998989129043143,0.9436156353003882,stage2_probe,s10
s30,s29,2.0,5.901575343576978,3.0,4.0,7.0,60.0,1.0,0.5206896551724138,1.0,1.0,0.7586206896551724,0.9547944318802937,0.8536017905595319,stage2_probe,s10
s26,s29,2.0,5.769482332415218,3.0,3.0,6.0,60.0,1.0,0.18017241379310345,1.0,1.0,0.7612068965517242,0.9685790135614772,0.7867048127470395,stage2_probe,s10
s18,s29,2.0,5.592708398868517,3.0,2.0,5.0,21.0,0.35,0.1103448275862069,0.5,1.0,0.7387931034482758,0.9132594692920255,0.5679905596714978,stage2_probe,s10
s17,s29,2.0,5.153765427550982,3.0,1.0,4.0,18.0,0.3,0.027586206896551724,0.5,1.0,0.7629310344827587,0.8833899699193233,0.5472729467718284,stage2_probe,s10
s20,s29,2.0,6.107515336698143,3.0,6.0,9.0,,,,,,,,,stage1_pruned,s10
s01,s29,2.0,6.156313370329249,3.0,7.0,10.0,,,,,,,,,stage1_pruned,s10
s15,s29,2.0,6.258277272789748,3.0,8.0,11.0,,,,,,,,,stage1_pruned,s10
s08,s29,1.9833333333333334,6.502326732149933,2.0,10.0,12.0,,,,,,,,,stage1_pruned,s10
s03,s29,2.0,6.319193211510232,3.0,9.0,12.0,,,,,,,,,stage1_pruned,s10
s28,s29,2.0,6.653891086011213,3.0,11.0,14.0,,,,,,,,,stage1_pruned,s10
s16,s29,2.0,6.759905954377205,3.0,12.0,15.0,,,,,,,,,stage1_pruned,s10
s23,s29,1.9666666666666668,6.928179331121885,1.0,15.0,16.0,,,,,,,,,stage1_pruned,s10
s27,s29,2.0,6.841077128603663,3.0,13.0,16.0,,,,,,,,,stage1_pruned,s10
s22,s29,2.0,6.888352317602503,3.0,14.0,17.0,,,,,,,,,stage1_pruned,s10
s04,s29,2.0,6.934498745179215,3.0,16.0,19.0,,,,,,,,,stage1_pruned,s10
s19,s29,2.0,6.938655043751317,3.0,17.0,20.0,,,,,,,,,stage1_pruned,s10
s32,s29,2.0,6.989564984153211,3.0,18.0,21.0,,,,,,,,,stage1_pruned,s10
s25,s29,2.0,7.02516404031416,3.0,19.0,22.0,,,,,,,,,stage1_pruned,s10
s09,s29,2.0,7.0795953805064356,3.0,20.0,23.0,,,,,,,,,stage1_pruned,s10
s06,s29,2.0,7.223768844558426,3.0,21.0,24.0,,,,,,,,,stage1_pruned,s10
s02,s29,2.0,7.357414598319175,3.0,22.0,25.0,,,,,,,,,stage1_pruned,s10
s31,s29,2.0,7.548751415736447,3.0,23.0,26.0,,,,,,,,,stage1_pruned,s10
s13,s29,2.0,7.595709562686242,3.0,24.0,27.0,,,,,,,,,stage1_pruned,s10
s05,s29,2.0,7.769037741905105,3.0,25.0,28.0,,,,,,,,,stage1_pruned,s10
s21,s29,2.0,7.922702425507563,3.0,26.0,29.0,,,,,,,,,stage1_pruned,s10
s07,s29,2.0,8.627846401074194,3.0,27.0,30.0,,,,,,,,,stage1_pruned,s10
s12,s29,2.0,8.782454655835027,3.0,28.0,31.0,,,,,,,,,stage1_pruned,s10
s11,s29,2.0,8.820397128843638,3.0,29.0,32.0,,,,,,,,,stage1_pruned,s10
s24,s29,2.0,9.12581153520476,3.0,30.0,33.0,,,,,,,,,stage1_pruned,s10
s14,s29,2.0,10.33240071960219,3.0,31.0,34.0,,,,,,,,,stage1_pruned,s10
s26,s30,2.0,6.419797345737313,2.0,4.0,6.0,60.0,1.0,0.5336206896551724,1.0,1.0,0.8517241379310345,0.9557746171503669,0.8748576963747597,stage2_probe,s26
s28,s30,2.0,6.143265834130618,2.0,1.0,3.0,60.0,1.0,0.2353448275862069,1.0,1.0,0.778448275862069,0.9491889820737816,0.8002180697933443,stage2_probe,s26
s27,s30,2.0,6.24657798772152,2.0,2.0,4.0,60.0,1.0,0.23879310344827587,1.0,1.0,0.778448275862069,0.9270437005921737,0.7998004608916778,stage2_probe,s26
s10,s30,1.9833333333333334,6.592571423078882,1.0,6.0,7.0,12.0,0.2,0.8094827586206896,0.5,1.0,0.9922413793103448,0.990503063549112,0.7398699807636626,stage2_probe,s26
s25,s30,2.0,6.391114508468537,2.0,3.0,5.0,45.0,0.75,0.05862068965517241,0.5,1.0,0.7017241379310345,0.8517728919383507,0.6071576101141589,stage2_probe,s26
s17,s30,2.0,6.49842944740011,2.0,5.0,7.0,,,,,,,,,stage1_pruned,s26
s29,s30,2.0,6.627967225437232,2.0,7.0,9.0,,,,,,,,,stage1_pruned,s26
s20,s30,2.0,6.677038596479059,2.0,8.0,10.0,,,,,,,,,stage1_pruned,s26
s01,s30,1.9833333333333334,6.909772031928367,1.0,10.0,11.0,,,,,,,,,stage1_pruned,s26
s32,s30,2.0,6.724779071949703,2.0,9.0,11.0,,,,,,,,,stage1_pruned,s26
s22,s30,2.0,6.982368376816544,2.0,11.0,13.0,,,,,,,,,stage1_pruned,s26
s19,s30,2.0,7.019395300925818,2.0,12.0,14.0,,,,,,,,,stage1_pruned,s26
s13,s30,2.0,7.158489543670243,2.0,13.0,15.0,,,,,,,,,stage1_pruned,s26
s08,s30,2.0,7.161906128819034,2.0,14.0,16.0,,,,,,,,,stage1_pruned,s26
s23,s30,1.9833333333333334,7.359586761892679,1.0,16.0,17.0,,,,,,,,,stage1_pruned,s26
s04,s30,2.0,7.3500842623569405,2.0,15.0,17.0,,,,,,,,,stage1_pruned,s26
s15,s30,2.0,7.51002329820192,2.0,17.0,19.0,,,,,,,,,stage1_pruned,s26
s18,s30,2.0,7.514246623815958,2.0,18.0,20.0,,,,,,,,,stage1_pruned,s26
s16,s30,2.0,7.584411170322455,2.0,19.0,21.0,,,,,,,,,stage1_pruned,s26
s06,s30,2.0,7.761713777358023,2.0,20.0,22.0,,,,,,,,,stage1_pruned,s26
s31,s30,2.0,7.784139035739182,2.0,21.0,23.0,,,,,,,,,stage1_pruned,s26
s03,s30,2.0,7.7841885100906785,2.0,22.0,24.0,,,,,,,,,stage1_pruned,s26
s05,s30,2.0,7.86149933702024,2.0,23.0,25.0,,,,,,,,,stage1_pruned,s26
s09,s30,2.0,7.976937420528269,2.0,24.0,26.0,,,,,,,,,stage1_pruned,s26
s07,s30,2.0,8.033865204924329,2.0,25.0,27.0,,,,,,,,,stage1_pruned,s26
s02,s30,2.0,8.08527212234088,2.0,26.0,28.0,,,,,,,,,stage1_pruned,s26
s11,s30,2.0,8.369401703895733,2.0,27.0,29.0,,,,,,,,,stage1_pruned,s26
s12,s30,1.9833333333333334,8.623891016080222,1.0,29.0,30.0,,,,,,,,,stage1_pruned,s26
s24,s30,2.0,8.397766721802032,2.0,28.0,30.0,,,,,,,,,stage1_pruned,s26
s21,s30,2.0,8.969402849097136,2.0,30.0,32.0,,,,,,,,,stage1_pruned,s26
s14,s30,2.0,10.439246448503575,2.0,31.0,33.0,,,,,,,,,stage1_pruned,s26
s07,s31,2.0,6.765873932264142,2.0,5.0,7.0,60.0,1.0,0.5051724137931034,1.0,1.0,0.6913793103448276,0.9978307794358876,0.8392018837993807,stage2_probe,s07
s12,s31,2.0,6.074240474312457,2.0,2.0,4.0,60.0,1.0,0.06810344827586207,1.0,1.0,0.7482758620689655,0.8341407237309889,0.754982898255515,stage2_probe,s07
s08,s31,2.0,6.512821222191631,2.0,3.0,5.0,60.0,1.0,0.08793103448275862,1.0,1.0,0.6344827586206897,0.8413366804952983,0.7365495926454547,stage2_probe,s07
s09,s31,2.0,6.558654032536086,2.0,4.0,6.0,39.0,0.65,0.039655172413793106,0.5,1.0,0.7129310344827585,0.8111379791210181,0.5885741403353613,stage2_probe,s07
s17,s31,1.9833333333333334,5.665355815164539,1.0,1.0,2.0,6.0,0.1,0.05086206896551724,0.5,1.0,0.6482758620689655,0.9075006106328679,0.5002026167385399,stage2_probe,s07
s28,s31,2.0,7.20496939522944,2.0,6.0,8.0,,,,,,,,,stage1_pruned,s07
s18,s31,1.9833333333333334,7.386619582774281,1.0,8.0,9.0,,,,,,,,,stage1_pruned,s07
s25,s31,2.0,7.2720782262735115,2.0,7.0,9.0,,,,,,,,,stage1_pruned,s07
s20,s31,1.9833333333333334,7.704291857589064,1.0,9.0,10.0,,,,,,,,,stage1_pruned,s07
s10,s31,2.0,7.7597122868851525,2.0,10.0,12.0,,,,,,,,,stage1_pruned,s07
s16,s31,2.0,7.770672507363962,2.0,11.0,13.0,,,,,,,,,stage1_pruned,s07
s30,s31,2.0,7.903576787082514,2.0,12.0,14.0,,,,,,,,,stage1_pruned,s07
s24,s31,2.0,7.94963386716522,2.0,13.0,15.0,,,,,,,,,stage1_pruned,s07
s06,s31,2.0,8.106808157280758,2.0,14.0,16.0,,,,,,,,,stage1_pruned,s07
s01,s31,1.9833333333333334,8.155671094319507,1.0,16.0,17.0,,,,,,,,,stage1_pruned,s07
s02,s31,2.0,8.124193991730142,2.0,15.0,17.0,,,,,,,,,stage1_pruned,s07
s29,s31,2.0,8.158097062674058,2.0,17.0,19.0,,,,,,,,,stage1_pruned,s07
s19,s31,2.0,8.218091498087338,2.0,18.0,20.0,,,,,,,,,stage1_pruned,s07
s26,s31,1.9833333333333334,8.50217756522122,1.0,20.0,21.0,,,,,,,,,stage1_pruned,s07
s15,s31,2.0,8.259182095568093,2.0,19.0,21.0,,,,,,,,,stage1_pruned,s07
s23,s31,1.9833333333333334,8.62508534432525,1.0,21.0,22.0,,,,,,,,,stage1_pruned,s07
s14,s31,2.0,8.644344275923972,2.0,22.0,24.0,,,,,,,,,stage1_pruned,s07
s13,s31,2.0,8.730833696796171,2.0,23.0,25.0,,,,,,,,,stage1_pruned,s07
s22,s31,2.0,8.884802630118097,2.0,24.0,26.0,,,,,,,,,stage1_pruned,s07
s03,s31,2.0,8.902430398680972,2.0,25.0,27.0,,,,,,,,,stage1_pruned,s07
s04,s31,2.0,8.994264427670748,2.0,26.0,28.0,,,,,,,,,stage1_pruned,s07
s32,s31,2.0,9.233680288239567,2.0,27.0,29.0,,,,,,,,,stage1_pruned,s07
s27,s31,2.0,9.30877972450362,2.0,28.0,30.0,,,,,,,,,stage1_pruned,s07
s11,s31,2.0,9.827206508829189,2.0,29.0,31.0,,,,,,,,,stage1_pruned,s07
s05,s31,1.9833333333333334,10.710756968027333,1.0,31.0,32.0,,,,,,,,,stage1_pruned,s07
s21,s31,2.0,10.168920475411703,2.0,30.0,32.0,,,,,,,,,stage1_pruned,s07
s10,s32,2.0,6.426028458707266,2.0,2.0,4.0,60.0,1.0,0.8706896551724138,1.0,1.0,0.9560344827586207,0.9908312389765064,0.9648863895350321,stage2_probe,s10
s27,s32,2.0,6.634743386611995,2.0,5.0,7.0,60.0,1.0,0.7931034482758621,1.0,1.0,0.9293103448275861,0.9768200585673296,0.9433237615490561,stage2_probe,s10
s26,s32,2.0,6.469731797220512,2.0,3.0,5.0,60.0,1.0,0.42844827586206896,1.0,1.0,0.8422413793103448,0.9542742293827478,0.8518516425036202,stage2_probe,s10
s23,s32,2.0,6.416490955559369,2.0,1.0,3.0,60.0,1.0,0.30258620689655175,1.0,1.0,0.8301724137931036,0.9388272056771423,0.8234930844217881,stage2_probe,s10
s22,s32,2.0,6.629098068373582,2.0,4.0,6.0,54.0,0.9,0.05344827586206897,0.8,1.0,0.7103448275862069,0.8043004904378518,0.6879736452115479,stage2_probe,s10
s29,s32,1.9833333333333334,6.745784051727326,1.0,7.0,8.0,,,,,,,,,stage1_pruned,s10
s17,s32,2.0,6.664496167698023,2.0,6.0,8.0,,,,,,,,,stage1_pruned,s10
s20,s32,1.9833333333333334,6.802238383159296,1.0,9.0,10.0,,,,,,,,,stage1_pruned,s10
s30,s32,2.0,6.793383985181019,2.0,8.0,10.0,,,,,,,,,stage1_pruned,s10
s25,s32,2.0,6.887624923628141,2.0,10.0,12.0,,,,,,,,,stage1_pruned,s10
s28,s32,2.0,7.024443163411944,2.0,11.0,13.0,,,,,,,,,stage1_pruned,s10
s19,s32,2.0,7.175784448078165,2.0,12.0,14.0,,,,,,,,,stage1_pruned,s10
s04,s32,2.0,7.2582533993382805,2.0,13.0,15.0,,,,,,,,,stage1_pruned,s10
s08,s32,2.0,7.3726436954289,2.0,14.0,16.0,,,,,,,,,stage1_pruned,s10
s01,s32,2.0,7.406026975252513,2.0,15.0,17.0,,,,,,,,,stage1_pruned,s10
s15,s32,2.0,7.441658333195136,2.0,16.0,18.0,,,,,,,,,stage1_pruned,s10
s03,s32,2.0,7.450827149988203,2.0,17.0,19.0,,,,,,,,,stage1_pruned,s10
s18,s32,2.0,7.613520265886018,2.0,18.0,20.0,,,,,,,,,stage1_pruned,s10
s05,s32,2.0,8.09584333817065,2.0,19.0,21.0,,,,,,,,,stage1_pruned,s10
s09,s32,2.0,8.200158436355446,2.0,20.0,22.0,,,,,,,,,stage1_pruned,s10
s13,s32,2.0,8.450507651880438,2.0,21.0,23.0,,,,,,,,,stage1_pruned,s10
s06,s32,2.0,8.677658142921095,2.0,22.0,24.0,,,,,,,,,stage1_pruned,s10
s11,s32,2.0,8.819199375578155,2.0,23.0,25.0,,,,,,,,,stage1_pruned,s10
s31,s32,2.0,8.96717155220008,2.0,24.0,26.0,,,,,,,,,stage1_pruned,s10
s16,s32,2.0,9.054472934193166,2.0,25.0,27.0,,,,,,,,,stage1_pruned,s10
s02,s32,2.0,9.102242206035802,2.0,26.0,28.0,,,,,,,,,stage1_pruned,s10
s07,s32,2.0,9.26572197981982,2.0,27.0,29.0,,,,,,,,,stage1_pruned,s10
s21,s32,2.0,9.694343087616248,2.0,28.0,30.0,,,,,,,,,stage1_pruned,s10
s12,s32,2.0,9.922600707559972,2.0,29.0,31.0,,,,,,,,,stage1_pruned,s10
s24,s32,2.0,10.032773899167017,2.0,30.0,32.0,,,,,,,,,stage1_pruned,s10
s14,s32,2.0,11.35803760244687,2.0,31.0,33.0,,,,,,,,,stage1_pruned,s10
